{
    "r_e_m": 0.0019000000017509926,
    "r_c_m": 0.019199999815864115,
    "d_m": 0.03161847544921475,
    "l_m": 0.025705146274482032,
    "V_V": 137091.0759143923,
    "shape_emitter": "pointed",
    "mat_emitter": "copper",
    "mat_collector": "graphite",
    "T_collector_m": 0.0001,
    "simulated_thrust_N": 6.761788434302608e-19,
    "required_thrust_N": 0,
    "power_draw_W": 6.7617884343026076e-18,
    "flight_time_s": 1800,
    "thrust_to_weight_ratio": 1.1751280755020824e-18,
    "payload_weight_kg": 0.1,
    "thruster_weight_kg": 0.0017151669717986183,
    "battery_weight_kg": 0,
    "generator_weight_kg": 0.057,
    "system_weight_kg": 0.05871516697179862,
    "battery_model": "N/A",
    "n_batteries": 0,
    "n_series": 0,
    "n_parallel": 0,
    "battery_voltage_nominal_V": 0,
    "battery_temp_profile_K": null,
    "battery_max_temp_K": null
}