{
    "r_e_m": 0.018648059608152117,
    "r_c_m": 0.03974921672109169,
    "d_m": 0.019704450578493,
    "l_m": 0.1366747280264349,
    "V_V": 55246.167254015454,
    "shape_emitter": "cylindrical",
    "mat_emitter": "aluminum",
    "mat_collector": "brass",
    "T_collector_m": 0.0001,
    "simulated_thrust_N": 0.0066033112816512585,
    "required_thrust_N": 0,
    "power_draw_W": 0.3301655640825629,
    "flight_time_s": 1800,
    "thrust_to_weight_ratio": 0.00585235773676255,
    "payload_weight_kg": 0.1,
    "thruster_weight_kg": 0.05813432772662752,
    "battery_weight_kg": 0,
    "generator_weight_kg": 0.057,
    "system_weight_kg": 0.11513432772662752,
    "battery_model": "N/A",
    "n_batteries": 0,
    "n_series": 0,
    "n_parallel": 0,
    "battery_voltage_nominal_V": 0,
    "battery_temp_profile_K": null,
    "battery_max_temp_K": null
}