{
    "r_e_m": 0.0018999999952490866,
    "r_c_m": 0.01920000003088257,
    "d_m": 0.014393444453825802,
    "l_m": 0.10601543163570011,
    "V_V": 120601.40175228118,
    "shape_emitter": "pointed",
    "mat_emitter": "steel_304",
    "mat_collector": "aluminum",
    "T_collector_m": 0.0001,
    "simulated_thrust_N": 0.0002581999287940562,
    "required_thrust_N": 0,
    "power_draw_W": 0.0025819992879405618,
    "flight_time_s": 1800,
    "thrust_to_weight_ratio": 0.00042960160235516433,
    "payload_weight_kg": 0.1,
    "thruster_weight_kg": 0.004328755212173947,
    "battery_weight_kg": 0,
    "generator_weight_kg": 0.057,
    "system_weight_kg": 0.06132875521217395,
    "battery_model": "N/A",
    "n_batteries": 0,
    "n_series": 0,
    "n_parallel": 0,
    "battery_voltage_nominal_V": 0,
    "battery_temp_profile_K": null,
    "battery_max_temp_K": null
}