{
    "r_e_m": 0.0018999999289333158,
    "r_c_m": 0.019199999853214997,
    "d_m": 0.024994301813149437,
    "l_m": 0.0306665377085548,
    "V_V": 82807.8784351107,
    "shape_emitter": "pointed",
    "mat_emitter": "copper",
    "mat_collector": "graphite",
    "T_collector_m": 0.0001,
    "simulated_thrust_N": 1.6911777417010835e-19,
    "required_thrust_N": 0,
    "power_draw_W": 1.6911777417010835e-18,
    "flight_time_s": 1800,
    "thrust_to_weight_ratio": 2.9323520282655374e-19,
    "payload_weight_kg": 0.1,
    "thruster_weight_kg": 0.0018500820000490635,
    "battery_weight_kg": 0,
    "generator_weight_kg": 0.057,
    "system_weight_kg": 0.05885008200004906,
    "battery_model": "N/A",
    "n_batteries": 0,
    "n_series": 0,
    "n_parallel": 0,
    "battery_voltage_nominal_V": 0,
    "battery_temp_profile_K": null,
    "battery_max_temp_K": null
}