{
    "r_e_m": 0.0019,
    "r_c_m": 0.019200000000000002,
    "d_m": 0.005033921165897575,
    "l_m": 0.01931457937864539,
    "V_V": 82092.71164580974,
    "shape_emitter": "pointed",
    "mat_emitter": "copper",
    "mat_collector": "brass",
    "T_collector_m": 0.0001,
    "simulated_thrust_N": 1.0387464802433474e-16,
    "required_thrust_N": 0,
    "power_draw_W": 1.0387464802433474e-15,
    "flight_time_s": 1800,
    "thrust_to_weight_ratio": 1.76750897966484e-16,
    "payload_weight_kg": 0.1,
    "thruster_weight_kg": 0.0029683170042171755,
    "battery_weight_kg": 0,
    "generator_weight_kg": 0.057,
    "system_weight_kg": 0.059968317004217175,
    "battery_model": "N/A",
    "n_batteries": 0,
    "n_series": 0,
    "n_parallel": 0,
    "battery_voltage_nominal_V": 0,
    "battery_temp_profile_K": null,
    "battery_max_temp_K": null
}