{
    "r_e_m": 0.0018999999837634564,
    "r_c_m": 0.01919999986459639,
    "d_m": 0.03916147038413878,
    "l_m": 0.09020662363426779,
    "V_V": 161934.9011510097,
    "shape_emitter": "pointed",
    "mat_emitter": "aluminum",
    "mat_collector": "copper",
    "T_collector_m": 0.0001,
    "simulated_thrust_N": 0.0008530461345799267,
    "required_thrust_N": 0,
    "power_draw_W": 0.008530461345799267,
    "flight_time_s": 1800,
    "thrust_to_weight_ratio": 0.0012985796244191867,
    "payload_weight_kg": 0.1,
    "thruster_weight_kg": 0.010031333543108605,
    "battery_weight_kg": 0,
    "generator_weight_kg": 0.057,
    "system_weight_kg": 0.06703133354310861,
    "battery_model": "N/A",
    "n_batteries": 0,
    "n_series": 0,
    "n_parallel": 0,
    "battery_voltage_nominal_V": 0,
    "battery_temp_profile_K": null,
    "battery_max_temp_K": null
}