{
    "r_e_m": 0.0019,
    "r_c_m": 0.019200000000000002,
    "d_m": 0.02905302833276414,
    "l_m": 0.16887825500984238,
    "V_V": 308371.3934318243,
    "shape_emitter": "pointed",
    "mat_emitter": "copper",
    "mat_collector": "steel_304",
    "T_collector_m": 0.0001,
    "simulated_thrust_N": 0.00234214193187654,
    "required_thrust_N": 0,
    "power_draw_W": 0.023421419318765402,
    "flight_time_s": 1800,
    "thrust_to_weight_ratio": 0.0032355208747095734,
    "payload_weight_kg": 0.1,
    "thruster_weight_kg": 0.01686571866971254,
    "battery_weight_kg": 0,
    "generator_weight_kg": 0.057,
    "system_weight_kg": 0.07386571866971255,
    "battery_model": "N/A",
    "n_batteries": 0,
    "n_series": 0,
    "n_parallel": 0,
    "battery_voltage_nominal_V": 0,
    "battery_temp_profile_K": null,
    "battery_max_temp_K": null
}