{
    "r_e_m": 0.0019,
    "r_c_m": 0.019200000000000002,
    "d_m": 0.02519031272838071,
    "l_m": 0.10496490604852858,
    "V_V": 310025.1070817489,
    "shape_emitter": "pointed",
    "mat_emitter": "copper",
    "mat_collector": "nickel",
    "T_collector_m": 0.0001,
    "simulated_thrust_N": 0.0012475766707211733,
    "required_thrust_N": 0,
    "power_draw_W": 0.012475766707211733,
    "flight_time_s": 1800,
    "thrust_to_weight_ratio": 0.0018378780525892089,
    "payload_weight_kg": 0.1,
    "thruster_weight_kg": 0.012266696846930533,
    "battery_weight_kg": 0,
    "generator_weight_kg": 0.057,
    "system_weight_kg": 0.06926669684693054,
    "battery_model": "N/A",
    "n_batteries": 0,
    "n_series": 0,
    "n_parallel": 0,
    "battery_voltage_nominal_V": 0,
    "battery_temp_profile_K": null,
    "battery_max_temp_K": null
}