{
    "r_e_m": 0.0019470288543917537,
    "r_c_m": 0.019199933799839263,
    "d_m": 0.02277096934070231,
    "l_m": 0.1351968181250908,
    "V_V": 152439.15977537128,
    "shape_emitter": "pointed",
    "mat_emitter": "steel_304",
    "mat_collector": "copper",
    "T_collector_m": 0.0001,
    "simulated_thrust_N": 0.0007133206236176193,
    "required_thrust_N": 0,
    "power_draw_W": 0.007133206236176193,
    "flight_time_s": 1800,
    "thrust_to_weight_ratio": 0.0010039092391650253,
    "payload_weight_kg": 0.1,
    "thruster_weight_kg": 0.015504381767649707,
    "battery_weight_kg": 0,
    "generator_weight_kg": 0.057,
    "system_weight_kg": 0.07250438176764971,
    "battery_model": "N/A",
    "n_batteries": 0,
    "n_series": 0,
    "n_parallel": 0,
    "battery_voltage_nominal_V": 0,
    "battery_temp_profile_K": null,
    "battery_max_temp_K": null
}