{
    "r_e_m": 0.001899999920323532,
    "r_c_m": 0.01919999986152187,
    "d_m": 0.030514077522176407,
    "l_m": 0.12927415879730658,
    "V_V": 232804.85253618757,
    "shape_emitter": "pointed",
    "mat_emitter": "steel_304",
    "mat_collector": "brass",
    "T_collector_m": 0.0001,
    "simulated_thrust_N": 0.0014887531287968159,
    "required_thrust_N": 0,
    "power_draw_W": 0.014887531287968159,
    "flight_time_s": 1800,
    "thrust_to_weight_ratio": 0.0021411201250468963,
    "payload_weight_kg": 0.1,
    "thruster_weight_kg": 0.013950519213757962,
    "battery_weight_kg": 0,
    "generator_weight_kg": 0.057,
    "system_weight_kg": 0.07095051921375796,
    "battery_model": "N/A",
    "n_batteries": 0,
    "n_series": 0,
    "n_parallel": 0,
    "battery_voltage_nominal_V": 0,
    "battery_temp_profile_K": null,
    "battery_max_temp_K": null
}