{
    "r_e_m": 0.0019,
    "r_c_m": 0.019200000000000002,
    "d_m": 0.0382647100557303,
    "l_m": 0.14049968792820555,
    "V_V": 130677.71057882566,
    "shape_emitter": "pointed",
    "mat_emitter": "aluminum",
    "mat_collector": "brass",
    "T_collector_m": 0.0001,
    "simulated_thrust_N": 0.001281595672480762,
    "required_thrust_N": 0,
    "power_draw_W": 0.01281595672480762,
    "flight_time_s": 1800,
    "thrust_to_weight_ratio": 0.0018288505692330601,
    "payload_weight_kg": 0.1,
    "thruster_weight_kg": 0.014506699793043918,
    "battery_weight_kg": 0,
    "generator_weight_kg": 0.057,
    "system_weight_kg": 0.07150669979304392,
    "battery_model": "N/A",
    "n_batteries": 0,
    "n_series": 0,
    "n_parallel": 0,
    "battery_voltage_nominal_V": 0,
    "battery_temp_profile_K": null,
    "battery_max_temp_K": null
}