{
    "r_e_m": 0.0019,
    "r_c_m": 0.019200000000000002,
    "d_m": 0.015206387276094982,
    "l_m": 0.03137680436741991,
    "V_V": 218025.43681518806,
    "shape_emitter": "pointed",
    "mat_emitter": "aluminum",
    "mat_collector": "brass",
    "T_collector_m": 0.0001,
    "simulated_thrust_N": 0.0006549275130964816,
    "required_thrust_N": 0,
    "power_draw_W": 0.006549275130964816,
    "flight_time_s": 1800,
    "thrust_to_weight_ratio": 0.00110502800880588,
    "payload_weight_kg": 0.1,
    "thruster_weight_kg": 0.00347750603469947,
    "battery_weight_kg": 0,
    "generator_weight_kg": 0.057,
    "system_weight_kg": 0.06047750603469947,
    "battery_model": "N/A",
    "n_batteries": 0,
    "n_series": 0,
    "n_parallel": 0,
    "battery_voltage_nominal_V": 0,
    "battery_temp_profile_K": null,
    "battery_max_temp_K": null
}