{
    "r_e_m": 0.0018999999790386335,
    "r_c_m": 0.019199999943437386,
    "d_m": 0.01828921540343053,
    "l_m": 0.03845211251063886,
    "V_V": 223469.78713015106,
    "shape_emitter": "pointed",
    "mat_emitter": "steel_304",
    "mat_collector": "aluminum",
    "T_collector_m": 0.0001,
    "simulated_thrust_N": 0.0010411471594125032,
    "required_thrust_N": 0,
    "power_draw_W": 0.010411471594125032,
    "flight_time_s": 1800,
    "thrust_to_weight_ratio": 0.0017965949329258979,
    "payload_weight_kg": 0.1,
    "thruster_weight_kg": 0.0021338114760686973,
    "battery_weight_kg": 0,
    "generator_weight_kg": 0.057,
    "system_weight_kg": 0.0591338114760687,
    "battery_model": "N/A",
    "n_batteries": 0,
    "n_series": 0,
    "n_parallel": 0,
    "battery_voltage_nominal_V": 0,
    "battery_temp_profile_K": null,
    "battery_max_temp_K": null
}