{
    "r_e_m": 0.018240392181305912,
    "r_c_m": 0.04059805037257017,
    "d_m": 0.008354042058071533,
    "l_m": 0.08008114673255247,
    "V_V": 446152.76878135436,
    "shape_emitter": "cylindrical",
    "mat_emitter": "aluminum",
    "mat_collector": "copper",
    "T_collector_m": 0.0001,
    "simulated_thrust_N": 0.019115405157208443,
    "required_thrust_N": 0,
    "power_draw_W": 0.9557702578604221,
    "flight_time_s": 1800,
    "thrust_to_weight_ratio": 0.01884552164402664,
    "payload_weight_kg": 0.1,
    "thruster_weight_kg": 0.04650212551808976,
    "battery_weight_kg": 0,
    "generator_weight_kg": 0.057,
    "system_weight_kg": 0.10350212551808977,
    "battery_model": "N/A",
    "n_batteries": 0,
    "n_series": 0,
    "n_parallel": 0,
    "battery_voltage_nominal_V": 0,
    "battery_temp_profile_K": null,
    "battery_max_temp_K": null
}