{
    "r_e_m": 0.0019,
    "r_c_m": 0.019200000000000002,
    "d_m": 0.017139223889563106,
    "l_m": 0.03085997127364388,
    "V_V": 185316.5074374257,
    "shape_emitter": "pointed",
    "mat_emitter": "copper",
    "mat_collector": "graphite",
    "T_collector_m": 0.0001,
    "simulated_thrust_N": 3.462621560464639e-14,
    "required_thrust_N": 0,
    "power_draw_W": 3.462621560464639e-13,
    "flight_time_s": 1800,
    "thrust_to_weight_ratio": 6.003341717623103e-14,
    "payload_weight_kg": 0.1,
    "thruster_weight_kg": 0.0018553421209462912,
    "battery_weight_kg": 0,
    "generator_weight_kg": 0.057,
    "system_weight_kg": 0.05885534212094629,
    "battery_model": "N/A",
    "n_batteries": 0,
    "n_series": 0,
    "n_parallel": 0,
    "battery_voltage_nominal_V": 0,
    "battery_temp_profile_K": null,
    "battery_max_temp_K": null
}