{
    "r_e_m": 0.0034627103218606435,
    "r_c_m": 0.01920000968809863,
    "d_m": 0.01364915073488171,
    "l_m": 0.08949644094115096,
    "V_V": 227380.55811275094,
    "shape_emitter": "pointed",
    "mat_emitter": "steel_304",
    "mat_collector": "graphite",
    "T_collector_m": 0.0001,
    "simulated_thrust_N": 0.0003003208839800209,
    "required_thrust_N": 0,
    "power_draw_W": 0.003003208839800209,
    "flight_time_s": 1800,
    "thrust_to_weight_ratio": 0.0004913272521899601,
    "payload_weight_kg": 0.1,
    "thruster_weight_kg": 0.005371846920020746,
    "battery_weight_kg": 0,
    "generator_weight_kg": 0.057,
    "system_weight_kg": 0.06237184692002075,
    "battery_model": "N/A",
    "n_batteries": 0,
    "n_series": 0,
    "n_parallel": 0,
    "battery_voltage_nominal_V": 0,
    "battery_temp_profile_K": null,
    "battery_max_temp_K": null
}