{
    "r_e_m": 0.0018999999722391287,
    "r_c_m": 0.01920000012001545,
    "d_m": 0.028413964698359297,
    "l_m": 0.10161800957555603,
    "V_V": 427673.4495260772,
    "shape_emitter": "pointed",
    "mat_emitter": "aluminum",
    "mat_collector": "brass",
    "T_collector_m": 0.0001,
    "simulated_thrust_N": 0.0017701106844469905,
    "required_thrust_N": 0,
    "power_draw_W": 0.017701106844469905,
    "flight_time_s": 1800,
    "thrust_to_weight_ratio": 0.0026728601016187577,
    "payload_weight_kg": 0.1,
    "thruster_weight_kg": 0.01057687733820941,
    "battery_weight_kg": 0,
    "generator_weight_kg": 0.057,
    "system_weight_kg": 0.06757687733820941,
    "battery_model": "N/A",
    "n_batteries": 0,
    "n_series": 0,
    "n_parallel": 0,
    "battery_voltage_nominal_V": 0,
    "battery_temp_profile_K": null,
    "battery_max_temp_K": null
}