{
    "r_e_m": 0.0019,
    "r_c_m": 0.019200000000000002,
    "d_m": 0.04778608392234268,
    "l_m": 0.049339239284982093,
    "V_V": 434520.5110906009,
    "shape_emitter": "pointed",
    "mat_emitter": "steel_304",
    "mat_collector": "aluminum",
    "T_collector_m": 0.0001,
    "simulated_thrust_N": 1.3943548873307576e-18,
    "required_thrust_N": 0,
    "power_draw_W": 1.3943548873307576e-17,
    "flight_time_s": 1800,
    "thrust_to_weight_ratio": 2.39178149524091e-18,
    "payload_weight_kg": 0.1,
    "thruster_weight_kg": 0.0024875038690718512,
    "battery_weight_kg": 0,
    "generator_weight_kg": 0.057,
    "system_weight_kg": 0.05948750386907185,
    "battery_model": "N/A",
    "n_batteries": 0,
    "n_series": 0,
    "n_parallel": 0,
    "battery_voltage_nominal_V": 0,
    "battery_temp_profile_K": null,
    "battery_max_temp_K": null
}