{
    "r_e_m": 0.0018999999107872896,
    "r_c_m": 0.019199999885735775,
    "d_m": 0.02922626290575081,
    "l_m": 0.10291820694583481,
    "V_V": 328126.62577274116,
    "shape_emitter": "pointed",
    "mat_emitter": "copper",
    "mat_collector": "aluminum",
    "T_collector_m": 0.0001,
    "simulated_thrust_N": 0.0015150500694289804,
    "required_thrust_N": 0,
    "power_draw_W": 0.015150500694289804,
    "flight_time_s": 1800,
    "thrust_to_weight_ratio": 0.0025195195772941647,
    "payload_weight_kg": 0.1,
    "thruster_weight_kg": 0.004359692241855582,
    "battery_weight_kg": 0,
    "generator_weight_kg": 0.057,
    "system_weight_kg": 0.061359692241855585,
    "battery_model": "N/A",
    "n_batteries": 0,
    "n_series": 0,
    "n_parallel": 0,
    "battery_voltage_nominal_V": 0,
    "battery_temp_profile_K": null,
    "battery_max_temp_K": null
}