{
    "r_e_m": 0.0018999999395958671,
    "r_c_m": 0.019199999923173106,
    "d_m": 0.01632016354524738,
    "l_m": 0.08570760871121394,
    "V_V": 231486.838612382,
    "shape_emitter": "pointed",
    "mat_emitter": "copper",
    "mat_collector": "nickel",
    "T_collector_m": 0.0001,
    "simulated_thrust_N": 0.00040954950964078307,
    "required_thrust_N": 0,
    "power_draw_W": 0.004095495096407831,
    "flight_time_s": 1800,
    "thrust_to_weight_ratio": 0.0006218620853413872,
    "payload_weight_kg": 0.1,
    "thruster_weight_kg": 0.01020262784140265,
    "battery_weight_kg": 0,
    "generator_weight_kg": 0.057,
    "system_weight_kg": 0.06720262784140266,
    "battery_model": "N/A",
    "n_batteries": 0,
    "n_series": 0,
    "n_parallel": 0,
    "battery_voltage_nominal_V": 0,
    "battery_temp_profile_K": null,
    "battery_max_temp_K": null
}