{
    "r_e_m": 0.0019,
    "r_c_m": 0.019200000000000002,
    "d_m": 0.0182130120936305,
    "l_m": 0.1501548440395408,
    "V_V": 99617.84963763818,
    "shape_emitter": "pointed",
    "mat_emitter": "nickel",
    "mat_collector": "copper",
    "T_collector_m": 0.0001,
    "simulated_thrust_N": 0.0004497211775742471,
    "required_thrust_N": 0,
    "power_draw_W": 0.004497211775742471,
    "flight_time_s": 1800,
    "thrust_to_weight_ratio": 0.0006184760318433362,
    "payload_weight_kg": 0.1,
    "thruster_weight_kg": 0.01719837425588225,
    "battery_weight_kg": 0,
    "generator_weight_kg": 0.057,
    "system_weight_kg": 0.07419837425588224,
    "battery_model": "N/A",
    "n_batteries": 0,
    "n_series": 0,
    "n_parallel": 0,
    "battery_voltage_nominal_V": 0,
    "battery_temp_profile_K": null,
    "battery_max_temp_K": null
}