{
    "r_e_m": 0.0018999999382379362,
    "r_c_m": 0.01919999977001999,
    "d_m": 0.018025125977120835,
    "l_m": 0.1344283251150832,
    "V_V": 316096.33236371627,
    "shape_emitter": "pointed",
    "mat_emitter": "aluminum",
    "mat_collector": "graphite",
    "T_collector_m": 0.0001,
    "simulated_thrust_N": 0.0011626177001744509,
    "required_thrust_N": 0,
    "power_draw_W": 0.011626177001744509,
    "flight_time_s": 1800,
    "thrust_to_weight_ratio": 0.0019460484217644631,
    "payload_weight_kg": 0.1,
    "thruster_weight_kg": 0.00396172010658905,
    "battery_weight_kg": 0,
    "generator_weight_kg": 0.057,
    "system_weight_kg": 0.060961720106589054,
    "battery_model": "N/A",
    "n_batteries": 0,
    "n_series": 0,
    "n_parallel": 0,
    "battery_voltage_nominal_V": 0,
    "battery_temp_profile_K": null,
    "battery_max_temp_K": null
}