{
    "r_e_m": 0.0019000000649750212,
    "r_c_m": 0.019200000099840187,
    "d_m": 0.039208105231409586,
    "l_m": 0.0782370318586697,
    "V_V": 168577.48172815077,
    "shape_emitter": "pointed",
    "mat_emitter": "aluminum",
    "mat_collector": "nickel",
    "T_collector_m": 0.0001,
    "simulated_thrust_N": 0.004188637249171734,
    "required_thrust_N": 0,
    "power_draw_W": 0.04188637249171734,
    "flight_time_s": 1800,
    "thrust_to_weight_ratio": 0.006506306764414707,
    "payload_weight_kg": 0.1,
    "thruster_weight_kg": 0.008691947778863507,
    "battery_weight_kg": 0,
    "generator_weight_kg": 0.057,
    "system_weight_kg": 0.0656919477788635,
    "battery_model": "N/A",
    "n_batteries": 0,
    "n_series": 0,
    "n_parallel": 0,
    "battery_voltage_nominal_V": 0,
    "battery_temp_profile_K": null,
    "battery_max_temp_K": null
}