{
    "r_e_m": 0.0019000000097824567,
    "r_c_m": 0.019199999945789727,
    "d_m": 0.03258557059845321,
    "l_m": 0.1336551008854498,
    "V_V": 164095.15635349852,
    "shape_emitter": "pointed",
    "mat_emitter": "aluminum",
    "mat_collector": "graphite",
    "T_collector_m": 0.0001,
    "simulated_thrust_N": 0.0013528086710721254,
    "required_thrust_N": 0,
    "power_draw_W": 0.013528086710721254,
    "flight_time_s": 1800,
    "thrust_to_weight_ratio": 0.0022651809873525243,
    "payload_weight_kg": 0.1,
    "thruster_weight_kg": 0.003940693878570699,
    "battery_weight_kg": 0,
    "generator_weight_kg": 0.057,
    "system_weight_kg": 0.0609406938785707,
    "battery_model": "N/A",
    "n_batteries": 0,
    "n_series": 0,
    "n_parallel": 0,
    "battery_voltage_nominal_V": 0,
    "battery_temp_profile_K": null,
    "battery_max_temp_K": null
}