{
    "r_e_m": 0.0019000000480089657,
    "r_c_m": 0.019200000112511096,
    "d_m": 0.03303045827114622,
    "l_m": 0.07627673634403369,
    "V_V": 306218.6167877719,
    "shape_emitter": "pointed",
    "mat_emitter": "copper",
    "mat_collector": "copper",
    "T_collector_m": 0.0001,
    "simulated_thrust_N": 0.0010779165895655751,
    "required_thrust_N": 0,
    "power_draw_W": 0.010779165895655751,
    "flight_time_s": 1800,
    "thrust_to_weight_ratio": 0.0016605116411336348,
    "payload_weight_kg": 0.1,
    "thruster_weight_kg": 0.009239516788987816,
    "battery_weight_kg": 0,
    "generator_weight_kg": 0.057,
    "system_weight_kg": 0.06623951678898782,
    "battery_model": "N/A",
    "n_batteries": 0,
    "n_series": 0,
    "n_parallel": 0,
    "battery_voltage_nominal_V": 0,
    "battery_temp_profile_K": null,
    "battery_max_temp_K": null
}