{
    "r_e_m": 0.0019,
    "r_c_m": 0.019200000000000002,
    "d_m": 0.049998353342548915,
    "l_m": 0.10381052144742509,
    "V_V": 131906.19688554856,
    "shape_emitter": "pointed",
    "mat_emitter": "steel_304",
    "mat_collector": "brass",
    "T_collector_m": 0.0001,
    "simulated_thrust_N": 0.006352148950099945,
    "required_thrust_N": 0,
    "power_draw_W": 0.06352148950099945,
    "flight_time_s": 1800,
    "thrust_to_weight_ratio": 0.009479498077016934,
    "payload_weight_kg": 0.1,
    "thruster_weight_kg": 0.011376875972729282,
    "battery_weight_kg": 0,
    "generator_weight_kg": 0.057,
    "system_weight_kg": 0.06837687597272929,
    "battery_model": "N/A",
    "n_batteries": 0,
    "n_series": 0,
    "n_parallel": 0,
    "battery_voltage_nominal_V": 0,
    "battery_temp_profile_K": null,
    "battery_max_temp_K": null
}