{
    "r_e_m": 0.0019,
    "r_c_m": 0.019200000000000002,
    "d_m": 0.02220025183105969,
    "l_m": 0.03882604535516499,
    "V_V": 261866.05011431832,
    "shape_emitter": "pointed",
    "mat_emitter": "aluminum",
    "mat_collector": "steel_304",
    "T_collector_m": 0.0001,
    "simulated_thrust_N": 5.924217550985073e-14,
    "required_thrust_N": 0,
    "power_draw_W": 5.924217550985073e-13,
    "flight_time_s": 1800,
    "thrust_to_weight_ratio": 9.918144336691159e-14,
    "payload_weight_kg": 0.1,
    "thruster_weight_kg": 0.0039501106736414895,
    "battery_weight_kg": 0,
    "generator_weight_kg": 0.057,
    "system_weight_kg": 0.06095011067364149,
    "battery_model": "N/A",
    "n_batteries": 0,
    "n_series": 0,
    "n_parallel": 0,
    "battery_voltage_nominal_V": 0,
    "battery_temp_profile_K": null,
    "battery_max_temp_K": null
}