{
    "r_e_m": 0.0018999999969713573,
    "r_c_m": 0.019199999952905177,
    "d_m": 0.027966062887552993,
    "l_m": 0.06552972184874183,
    "V_V": 312070.9654726945,
    "shape_emitter": "pointed",
    "mat_emitter": "aluminum",
    "mat_collector": "brass",
    "T_collector_m": 0.0001,
    "simulated_thrust_N": 0.0007502678781747818,
    "required_thrust_N": 0,
    "power_draw_W": 0.007502678781747818,
    "flight_time_s": 1800,
    "thrust_to_weight_ratio": 0.0011975392073641476,
    "payload_weight_kg": 0.1,
    "thruster_weight_kg": 0.006929386429891659,
    "battery_weight_kg": 0,
    "generator_weight_kg": 0.057,
    "system_weight_kg": 0.06392938642989165,
    "battery_model": "N/A",
    "n_batteries": 0,
    "n_series": 0,
    "n_parallel": 0,
    "battery_voltage_nominal_V": 0,
    "battery_temp_profile_K": null,
    "battery_max_temp_K": null
}