{
    "r_e_m": 0.0018999999464713586,
    "r_c_m": 0.01919999984859647,
    "d_m": 0.020473974305674894,
    "l_m": 0.10058056729114126,
    "V_V": 360878.4657374758,
    "shape_emitter": "pointed",
    "mat_emitter": "copper",
    "mat_collector": "brass",
    "T_collector_m": 0.0001,
    "simulated_thrust_N": 0.0010865021031349897,
    "required_thrust_N": 0,
    "power_draw_W": 0.010865021031349897,
    "flight_time_s": 1800,
    "thrust_to_weight_ratio": 0.0016260537711395998,
    "payload_weight_kg": 0.1,
    "thruster_weight_kg": 0.011181977442656485,
    "battery_weight_kg": 0,
    "generator_weight_kg": 0.057,
    "system_weight_kg": 0.06818197744265649,
    "battery_model": "N/A",
    "n_batteries": 0,
    "n_series": 0,
    "n_parallel": 0,
    "battery_voltage_nominal_V": 0,
    "battery_temp_profile_K": null,
    "battery_max_temp_K": null
}