{
    "r_e_m": 0.0019,
    "r_c_m": 0.019200000000000002,
    "d_m": 0.031557173087878816,
    "l_m": 0.18869533770412159,
    "V_V": 235786.0467754964,
    "shape_emitter": "pointed",
    "mat_emitter": "aluminum",
    "mat_collector": "aluminum",
    "T_collector_m": 0.0001,
    "simulated_thrust_N": 0.002156080212444067,
    "required_thrust_N": 0,
    "power_draw_W": 0.02156080212444067,
    "flight_time_s": 1800,
    "thrust_to_weight_ratio": 0.003468169674159338,
    "payload_weight_kg": 0.1,
    "thruster_weight_kg": 0.006436396028288522,
    "battery_weight_kg": 0,
    "generator_weight_kg": 0.057,
    "system_weight_kg": 0.06343639602828853,
    "battery_model": "N/A",
    "n_batteries": 0,
    "n_series": 0,
    "n_parallel": 0,
    "battery_voltage_nominal_V": 0,
    "battery_temp_profile_K": null,
    "battery_max_temp_K": null
}