{
    "r_e_m": 0.0019,
    "r_c_m": 0.019200000000000002,
    "d_m": 0.02149854589511804,
    "l_m": 0.04847103129350942,
    "V_V": 177141.94003719962,
    "shape_emitter": "pointed",
    "mat_emitter": "aluminum",
    "mat_collector": "graphite",
    "T_collector_m": 0.0001,
    "simulated_thrust_N": 0.00020905227574985474,
    "required_thrust_N": 0,
    "power_draw_W": 0.0020905227574985474,
    "flight_time_s": 1800,
    "thrust_to_weight_ratio": 0.0003638742093567614,
    "payload_weight_kg": 0.1,
    "thruster_weight_kg": 0.0016242836779874021,
    "battery_weight_kg": 0,
    "generator_weight_kg": 0.057,
    "system_weight_kg": 0.0586242836779874,
    "battery_model": "N/A",
    "n_batteries": 0,
    "n_series": 0,
    "n_parallel": 0,
    "battery_voltage_nominal_V": 0,
    "battery_temp_profile_K": null,
    "battery_max_temp_K": null
}