{
    "r_e_m": 0.0019,
    "r_c_m": 0.019200000000000002,
    "d_m": 0.010664125438152715,
    "l_m": 0.04922321204265561,
    "V_V": 185791.82713500047,
    "shape_emitter": "pointed",
    "mat_emitter": "aluminum",
    "mat_collector": "copper",
    "T_collector_m": 0.0001,
    "simulated_thrust_N": 9.662479715188965e-05,
    "required_thrust_N": 0,
    "power_draw_W": 0.0009662479715188965,
    "flight_time_s": 1800,
    "thrust_to_weight_ratio": 0.00015747022512183257,
    "payload_weight_kg": 0.1,
    "thruster_weight_kg": 0.005612936325809871,
    "battery_weight_kg": 0,
    "generator_weight_kg": 0.057,
    "system_weight_kg": 0.06261293632580987,
    "battery_model": "N/A",
    "n_batteries": 0,
    "n_series": 0,
    "n_parallel": 0,
    "battery_voltage_nominal_V": 0,
    "battery_temp_profile_K": null,
    "battery_max_temp_K": null
}