{
    "r_e_m": 0.0018999999257601288,
    "r_c_m": 0.01919999984062558,
    "d_m": 0.020902475267297837,
    "l_m": 0.13819093436235577,
    "V_V": 347838.53075138654,
    "shape_emitter": "pointed",
    "mat_emitter": "aluminum",
    "mat_collector": "steel_304",
    "T_collector_m": 0.0001,
    "simulated_thrust_N": 0.0014267797814682126,
    "required_thrust_N": 0,
    "power_draw_W": 0.014267797814682126,
    "flight_time_s": 1800,
    "thrust_to_weight_ratio": 0.0020716944503711937,
    "payload_weight_kg": 0.1,
    "thruster_weight_kg": 0.013275698036995494,
    "battery_weight_kg": 0,
    "generator_weight_kg": 0.057,
    "system_weight_kg": 0.0702756980369955,
    "battery_model": "N/A",
    "n_batteries": 0,
    "n_series": 0,
    "n_parallel": 0,
    "battery_voltage_nominal_V": 0,
    "battery_temp_profile_K": null,
    "battery_max_temp_K": null
}