{
    "r_e_m": 0.0019,
    "r_c_m": 0.019200000000000002,
    "d_m": 0.02911935603267858,
    "l_m": 0.11924719381177579,
    "V_V": 358900.5484964467,
    "shape_emitter": "pointed",
    "mat_emitter": "nickel",
    "mat_collector": "copper",
    "T_collector_m": 0.0001,
    "simulated_thrust_N": 0.0019579913932830095,
    "required_thrust_N": 0,
    "power_draw_W": 0.019579913932830095,
    "flight_time_s": 1800,
    "thrust_to_weight_ratio": 0.0028193261482145657,
    "payload_weight_kg": 0.1,
    "thruster_weight_kg": 0.013866238820026666,
    "battery_weight_kg": 0,
    "generator_weight_kg": 0.057,
    "system_weight_kg": 0.07086623882002667,
    "battery_model": "N/A",
    "n_batteries": 0,
    "n_series": 0,
    "n_parallel": 0,
    "battery_voltage_nominal_V": 0,
    "battery_temp_profile_K": null,
    "battery_max_temp_K": null
}