{
    "r_e_m": 0.0018999999388472084,
    "r_c_m": 0.01919999996573069,
    "d_m": 0.016415746698817152,
    "l_m": 0.09575912213998437,
    "V_V": 254762.7810705613,
    "shape_emitter": "pointed",
    "mat_emitter": "steel_304",
    "mat_collector": "copper",
    "T_collector_m": 0.0001,
    "simulated_thrust_N": 0.0005545707535929978,
    "required_thrust_N": 0,
    "power_draw_W": 0.005545707535929978,
    "flight_time_s": 1800,
    "thrust_to_weight_ratio": 0.0008296470682116799,
    "payload_weight_kg": 0.1,
    "thruster_weight_kg": 0.011208343735158492,
    "battery_weight_kg": 0,
    "generator_weight_kg": 0.057,
    "system_weight_kg": 0.0682083437351585,
    "battery_model": "N/A",
    "n_batteries": 0,
    "n_series": 0,
    "n_parallel": 0,
    "battery_voltage_nominal_V": 0,
    "battery_temp_profile_K": null,
    "battery_max_temp_K": null
}