{
    "r_e_m": 0.0018999797916463197,
    "r_c_m": 0.019199455677871305,
    "d_m": 0.017292354896318737,
    "l_m": 0.08646240178461785,
    "V_V": 159819.5665203228,
    "shape_emitter": "pointed",
    "mat_emitter": "steel_304",
    "mat_collector": "aluminum",
    "T_collector_m": 0.0001,
    "simulated_thrust_N": 0.0002968951885122806,
    "required_thrust_N": 0,
    "power_draw_W": 0.002968951885122806,
    "flight_time_s": 1800,
    "thrust_to_weight_ratio": 0.0004991549466794068,
    "payload_weight_kg": 0.1,
    "thruster_weight_kg": 0.0036934331729065357,
    "battery_weight_kg": 0,
    "generator_weight_kg": 0.057,
    "system_weight_kg": 0.06069343317290654,
    "battery_model": "N/A",
    "n_batteries": 0,
    "n_series": 0,
    "n_parallel": 0,
    "battery_voltage_nominal_V": 0,
    "battery_temp_profile_K": null,
    "battery_max_temp_K": null
}