{
    "r_e_m": 0.0019,
    "r_c_m": 0.019200000000000002,
    "d_m": 0.036826934234153265,
    "l_m": 0.08495131703967107,
    "V_V": 441840.14058484073,
    "shape_emitter": "pointed",
    "mat_emitter": "copper",
    "mat_collector": "graphite",
    "T_collector_m": 0.0001,
    "simulated_thrust_N": 0.002015914535149932,
    "required_thrust_N": 0,
    "power_draw_W": 0.02015914535149932,
    "flight_time_s": 1800,
    "thrust_to_weight_ratio": 0.003409884946642599,
    "payload_weight_kg": 0.1,
    "thruster_weight_kg": 0.003326247961461843,
    "battery_weight_kg": 0,
    "generator_weight_kg": 0.057,
    "system_weight_kg": 0.06032624796146185,
    "battery_model": "N/A",
    "n_batteries": 0,
    "n_series": 0,
    "n_parallel": 0,
    "battery_voltage_nominal_V": 0,
    "battery_temp_profile_K": null,
    "battery_max_temp_K": null
}