{
    "r_e_m": 0.0019,
    "r_c_m": 0.019200000000000002,
    "d_m": 0.04822475164535723,
    "l_m": 0.0882586303458789,
    "V_V": 58921.40532689667,
    "shape_emitter": "pointed",
    "mat_emitter": "aluminum",
    "mat_collector": "copper",
    "T_collector_m": 0.0001,
    "simulated_thrust_N": 1.611518535803158e-13,
    "required_thrust_N": 0,
    "power_draw_W": 1.611518535803158e-12,
    "flight_time_s": 1800,
    "thrust_to_weight_ratio": 2.4609011456399963e-13,
    "payload_weight_kg": 0.1,
    "thruster_weight_kg": 0.009821321616283038,
    "battery_weight_kg": 0,
    "generator_weight_kg": 0.057,
    "system_weight_kg": 0.06682132161628304,
    "battery_model": "N/A",
    "n_batteries": 0,
    "n_series": 0,
    "n_parallel": 0,
    "battery_voltage_nominal_V": 0,
    "battery_temp_profile_K": null,
    "battery_max_temp_K": null
}