{
    "r_e_m": 0.0018999999892657085,
    "r_c_m": 0.01920000001878825,
    "d_m": 0.01929543081145619,
    "l_m": 0.1367818446488546,
    "V_V": 144501.31494908352,
    "shape_emitter": "pointed",
    "mat_emitter": "copper",
    "mat_collector": "nickel",
    "T_collector_m": 0.0001,
    "simulated_thrust_N": 0.0005634041735902429,
    "required_thrust_N": 0,
    "power_draw_W": 0.005634041735902429,
    "flight_time_s": 1800,
    "thrust_to_weight_ratio": 0.0007910378449530561,
    "payload_weight_kg": 0.1,
    "thruster_weight_kg": 0.015676954916530542,
    "battery_weight_kg": 0,
    "generator_weight_kg": 0.057,
    "system_weight_kg": 0.07267695491653055,
    "battery_model": "N/A",
    "n_batteries": 0,
    "n_series": 0,
    "n_parallel": 0,
    "battery_voltage_nominal_V": 0,
    "battery_temp_profile_K": null,
    "battery_max_temp_K": null
}