{
    "r_e_m": 0.0019000000192481688,
    "r_c_m": 0.019200000109111923,
    "d_m": 0.029466688935258695,
    "l_m": 0.13433656515999828,
    "V_V": 199572.72196985382,
    "shape_emitter": "pointed",
    "mat_emitter": "copper",
    "mat_collector": "steel_304",
    "T_collector_m": 0.0001,
    "simulated_thrust_N": 0.001209836802445352,
    "required_thrust_N": 0,
    "power_draw_W": 0.01209836802445352,
    "flight_time_s": 1800,
    "thrust_to_weight_ratio": 0.001748030201233569,
    "payload_weight_kg": 0.1,
    "thruster_weight_kg": 0.01362391419569514,
    "battery_weight_kg": 0,
    "generator_weight_kg": 0.057,
    "system_weight_kg": 0.07062391419569514,
    "battery_model": "N/A",
    "n_batteries": 0,
    "n_series": 0,
    "n_parallel": 0,
    "battery_voltage_nominal_V": 0,
    "battery_temp_profile_K": null,
    "battery_max_temp_K": null
}