{
    "r_e_m": 0.0018999999952856086,
    "r_c_m": 0.01919999988753008,
    "d_m": 0.033078943660455364,
    "l_m": 0.18120582308137204,
    "V_V": 239097.3753377197,
    "shape_emitter": "pointed",
    "mat_emitter": "aluminum",
    "mat_collector": "graphite",
    "T_collector_m": 0.0001,
    "simulated_thrust_N": 0.002103661885485053,
    "required_thrust_N": 0,
    "power_draw_W": 0.02103661885485053,
    "flight_time_s": 1800,
    "thrust_to_weight_ratio": 0.0034492443203249963,
    "payload_weight_kg": 0.1,
    "thruster_weight_kg": 0.0052337405341230225,
    "battery_weight_kg": 0,
    "generator_weight_kg": 0.057,
    "system_weight_kg": 0.062233740534123026,
    "battery_model": "N/A",
    "n_batteries": 0,
    "n_series": 0,
    "n_parallel": 0,
    "battery_voltage_nominal_V": 0,
    "battery_temp_profile_K": null,
    "battery_max_temp_K": null
}