{
    "r_e_m": 0.0018999999839056144,
    "r_c_m": 0.019199999969060726,
    "d_m": 0.03551446552941328,
    "l_m": 0.07153963954274543,
    "V_V": 188937.1309732298,
    "shape_emitter": "pointed",
    "mat_emitter": "steel_304",
    "mat_collector": "nickel",
    "T_collector_m": 0.0001,
    "simulated_thrust_N": 0.003712672973051667,
    "required_thrust_N": 0,
    "power_draw_W": 0.03712672973051667,
    "flight_time_s": 1800,
    "thrust_to_weight_ratio": 0.005779248857750575,
    "payload_weight_kg": 0.1,
    "thruster_weight_kg": 0.008552494839458247,
    "battery_weight_kg": 0,
    "generator_weight_kg": 0.057,
    "system_weight_kg": 0.06555249483945824,
    "battery_model": "N/A",
    "n_batteries": 0,
    "n_series": 0,
    "n_parallel": 0,
    "battery_voltage_nominal_V": 0,
    "battery_temp_profile_K": null,
    "battery_max_temp_K": null
}