{
    "r_e_m": 0.0019000000083512138,
    "r_c_m": 0.019199999937926822,
    "d_m": 0.03158285970019273,
    "l_m": 0.11711887479945558,
    "V_V": 211679.5936304699,
    "shape_emitter": "pointed",
    "mat_emitter": "copper",
    "mat_collector": "copper",
    "T_collector_m": 0.0001,
    "simulated_thrust_N": 0.001182079198770225,
    "required_thrust_N": 0,
    "power_draw_W": 0.01182079198770225,
    "flight_time_s": 1800,
    "thrust_to_weight_ratio": 0.0017074709034447708,
    "payload_weight_kg": 0.1,
    "thruster_weight_kg": 0.013642683375615444,
    "battery_weight_kg": 0,
    "generator_weight_kg": 0.057,
    "system_weight_kg": 0.07064268337561544,
    "battery_model": "N/A",
    "n_batteries": 0,
    "n_series": 0,
    "n_parallel": 0,
    "battery_voltage_nominal_V": 0,
    "battery_temp_profile_K": null,
    "battery_max_temp_K": null
}