{
    "r_e_m": 0.0019,
    "r_c_m": 0.019200000000000002,
    "d_m": 0.021851197001491247,
    "l_m": 0.12226682985807326,
    "V_V": 227265.26356249006,
    "shape_emitter": "pointed",
    "mat_emitter": "copper",
    "mat_collector": "brass",
    "T_collector_m": 0.0001,
    "simulated_thrust_N": 0.0008927960298024118,
    "required_thrust_N": 0,
    "power_draw_W": 0.008927960298024118,
    "flight_time_s": 1800,
    "thrust_to_weight_ratio": 0.0012945384238769262,
    "payload_weight_kg": 0.1,
    "thruster_weight_kg": 0.01337383673888139,
    "battery_weight_kg": 0,
    "generator_weight_kg": 0.057,
    "system_weight_kg": 0.0703738367388814,
    "battery_model": "N/A",
    "n_batteries": 0,
    "n_series": 0,
    "n_parallel": 0,
    "battery_voltage_nominal_V": 0,
    "battery_temp_profile_K": null,
    "battery_max_temp_K": null
}