{
    "r_e_m": 0.0018999999543810263,
    "r_c_m": 0.019200000064260793,
    "d_m": 0.026998841769630653,
    "l_m": 0.12405558311709931,
    "V_V": 200401.994812906,
    "shape_emitter": "pointed",
    "mat_emitter": "steel_304",
    "mat_collector": "copper",
    "T_collector_m": 0.0001,
    "simulated_thrust_N": 0.0010164662962779403,
    "required_thrust_N": 0,
    "power_draw_W": 0.010164662962779403,
    "flight_time_s": 1800,
    "thrust_to_weight_ratio": 0.001455550828844965,
    "payload_weight_kg": 0.1,
    "thruster_weight_kg": 0.014258968484743851,
    "battery_weight_kg": 0,
    "generator_weight_kg": 0.057,
    "system_weight_kg": 0.07125896848474385,
    "battery_model": "N/A",
    "n_batteries": 0,
    "n_series": 0,
    "n_parallel": 0,
    "battery_voltage_nominal_V": 0,
    "battery_temp_profile_K": null,
    "battery_max_temp_K": null
}