{
    "r_e_m": 0.0019,
    "r_c_m": 0.019200000000000002,
    "d_m": 0.013820156135946438,
    "l_m": 0.18151329341971414,
    "V_V": 458474.1982904526,
    "shape_emitter": "pointed",
    "mat_emitter": "aluminum",
    "mat_collector": "steel_304",
    "T_collector_m": 0.0001,
    "simulated_thrust_N": 0.001679905690252781,
    "required_thrust_N": 0,
    "power_draw_W": 0.01679905690252781,
    "flight_time_s": 1800,
    "thrust_to_weight_ratio": 0.0023058285168508093,
    "payload_weight_kg": 0.1,
    "thruster_weight_kg": 0.017341585565562104,
    "battery_weight_kg": 0,
    "generator_weight_kg": 0.057,
    "system_weight_kg": 0.07434158556556211,
    "battery_model": "N/A",
    "n_batteries": 0,
    "n_series": 0,
    "n_parallel": 0,
    "battery_voltage_nominal_V": 0,
    "battery_temp_profile_K": null,
    "battery_max_temp_K": null
}