{
    "r_e_m": 0.0019,
    "r_c_m": 0.019200000000000002,
    "d_m": 0.022395916276210247,
    "l_m": 0.15878205147628421,
    "V_V": 160590.32291256782,
    "shape_emitter": "pointed",
    "mat_emitter": "copper",
    "mat_collector": "copper",
    "T_collector_m": 0.0001,
    "simulated_thrust_N": 0.0008582089794799685,
    "required_thrust_N": 0,
    "power_draw_W": 0.008582089794799685,
    "flight_time_s": 1800,
    "thrust_to_weight_ratio": 0.0011655431432477247,
    "payload_weight_kg": 0.1,
    "thruster_weight_kg": 0.018134365769489243,
    "battery_weight_kg": 0,
    "generator_weight_kg": 0.057,
    "system_weight_kg": 0.07513436576948924,
    "battery_model": "N/A",
    "n_batteries": 0,
    "n_series": 0,
    "n_parallel": 0,
    "battery_voltage_nominal_V": 0,
    "battery_temp_profile_K": null,
    "battery_max_temp_K": null
}