{
    "r_e_m": 0.0019000000116317088,
    "r_c_m": 0.01919999995480995,
    "d_m": 0.031807170695960695,
    "l_m": 0.14803768121424,
    "V_V": 302152.19907817896,
    "shape_emitter": "pointed",
    "mat_emitter": "aluminum",
    "mat_collector": "steel_304",
    "T_collector_m": 0.0001,
    "simulated_thrust_N": 0.0022185698617249727,
    "required_thrust_N": 0,
    "power_draw_W": 0.022185698617249727,
    "flight_time_s": 1800,
    "thrust_to_weight_ratio": 0.0031795675031984516,
    "payload_weight_kg": 0.1,
    "thruster_weight_kg": 0.014199834424060854,
    "battery_weight_kg": 0,
    "generator_weight_kg": 0.057,
    "system_weight_kg": 0.07119983442406086,
    "battery_model": "N/A",
    "n_batteries": 0,
    "n_series": 0,
    "n_parallel": 0,
    "battery_voltage_nominal_V": 0,
    "battery_temp_profile_K": null,
    "battery_max_temp_K": null
}