{
    "r_e_m": 0.0019,
    "r_c_m": 0.019200000000000002,
    "d_m": 0.01289742248722893,
    "l_m": 0.18964177392154016,
    "V_V": 171629.10187003546,
    "shape_emitter": "pointed",
    "mat_emitter": "aluminum",
    "mat_collector": "graphite",
    "T_collector_m": 0.0001,
    "simulated_thrust_N": 0.0006694089388474822,
    "required_thrust_N": 0,
    "power_draw_W": 0.006694089388474822,
    "flight_time_s": 1800,
    "thrust_to_weight_ratio": 0.0010935575009549082,
    "payload_weight_kg": 0.1,
    "thruster_weight_kg": 0.0054631393563000855,
    "battery_weight_kg": 0,
    "generator_weight_kg": 0.057,
    "system_weight_kg": 0.06246313935630009,
    "battery_model": "N/A",
    "n_batteries": 0,
    "n_series": 0,
    "n_parallel": 0,
    "battery_voltage_nominal_V": 0,
    "battery_temp_profile_K": null,
    "battery_max_temp_K": null
}