{
    "r_e_m": 0.0019,
    "r_c_m": 0.019200000000000002,
    "d_m": 0.047139017400968854,
    "l_m": 0.1280684505687935,
    "V_V": 394041.5644984809,
    "shape_emitter": "pointed",
    "mat_emitter": "copper",
    "mat_collector": "steel_304",
    "T_collector_m": 0.0001,
    "simulated_thrust_N": 0.003975203260779381,
    "required_thrust_N": 0,
    "power_draw_W": 0.03975203260779381,
    "flight_time_s": 1800,
    "thrust_to_weight_ratio": 0.005791808132193409,
    "payload_weight_kg": 0.1,
    "thruster_weight_kg": 0.013035639395429614,
    "battery_weight_kg": 0,
    "generator_weight_kg": 0.057,
    "system_weight_kg": 0.07003563939542962,
    "battery_model": "N/A",
    "n_batteries": 0,
    "n_series": 0,
    "n_parallel": 0,
    "battery_voltage_nominal_V": 0,
    "battery_temp_profile_K": null,
    "battery_max_temp_K": null
}