{
    "r_e_m": 0.0018999999269125978,
    "r_c_m": 0.01919999985598399,
    "d_m": 0.03815456838826199,
    "l_m": 0.08366389526291852,
    "V_V": 132578.06822672833,
    "shape_emitter": "pointed",
    "mat_emitter": "nickel",
    "mat_collector": "copper",
    "T_collector_m": 0.0001,
    "simulated_thrust_N": 0.003518693847581744,
    "required_thrust_N": 0,
    "power_draw_W": 0.03518693847581744,
    "flight_time_s": 1800,
    "thrust_to_weight_ratio": 0.00535656067563742,
    "payload_weight_kg": 0.1,
    "thruster_weight_kg": 0.01003002436683044,
    "battery_weight_kg": 0,
    "generator_weight_kg": 0.057,
    "system_weight_kg": 0.06703002436683045,
    "battery_model": "N/A",
    "n_batteries": 0,
    "n_series": 0,
    "n_parallel": 0,
    "battery_voltage_nominal_V": 0,
    "battery_temp_profile_K": null,
    "battery_max_temp_K": null
}