{
    "r_e_m": 0.0018999999989489098,
    "r_c_m": 0.019199999956035725,
    "d_m": 0.028216113891258797,
    "l_m": 0.07135915006322929,
    "V_V": 321952.8186524024,
    "shape_emitter": "pointed",
    "mat_emitter": "steel_304",
    "mat_collector": "nickel",
    "T_collector_m": 0.0001,
    "simulated_thrust_N": 0.0008577292901463807,
    "required_thrust_N": 0,
    "power_draw_W": 0.008577292901463807,
    "flight_time_s": 1800,
    "thrust_to_weight_ratio": 0.0013355591463407922,
    "payload_weight_kg": 0.1,
    "thruster_weight_kg": 0.008533149313163487,
    "battery_weight_kg": 0,
    "generator_weight_kg": 0.057,
    "system_weight_kg": 0.0655331493131635,
    "battery_model": "N/A",
    "n_batteries": 0,
    "n_series": 0,
    "n_parallel": 0,
    "battery_voltage_nominal_V": 0,
    "battery_temp_profile_K": null,
    "battery_max_temp_K": null
}