{
    "r_e_m": 0.0019,
    "r_c_m": 0.019200000000000002,
    "d_m": 0.008744130499662077,
    "l_m": 0.16436561780767334,
    "V_V": 58307.35243703221,
    "shape_emitter": "pointed",
    "mat_emitter": "copper",
    "mat_collector": "nickel",
    "T_collector_m": 0.0001,
    "simulated_thrust_N": 0.00011034247290808707,
    "required_thrust_N": 0,
    "power_draw_W": 0.0011034247290808707,
    "flight_time_s": 1800,
    "thrust_to_weight_ratio": 0.00014886839847697003,
    "payload_weight_kg": 0.1,
    "thruster_weight_kg": 0.018633486530528705,
    "battery_weight_kg": 0,
    "generator_weight_kg": 0.057,
    "system_weight_kg": 0.0756334865305287,
    "battery_model": "N/A",
    "n_batteries": 0,
    "n_series": 0,
    "n_parallel": 0,
    "battery_voltage_nominal_V": 0,
    "battery_temp_profile_K": null,
    "battery_max_temp_K": null
}