{
    "r_e_m": 0.0019,
    "r_c_m": 0.019200000000000002,
    "d_m": 0.04855216928724621,
    "l_m": 0.17991412257085912,
    "V_V": 319061.1669410125,
    "shape_emitter": "pointed",
    "mat_emitter": "aluminum",
    "mat_collector": "nickel",
    "T_collector_m": 0.0001,
    "simulated_thrust_N": 0.004503442440181971,
    "required_thrust_N": 0,
    "power_draw_W": 0.045034424401819706,
    "flight_time_s": 1800,
    "thrust_to_weight_ratio": 0.005999927918616764,
    "payload_weight_kg": 0.1,
    "thruster_weight_kg": 0.019590077265737117,
    "battery_weight_kg": 0,
    "generator_weight_kg": 0.057,
    "system_weight_kg": 0.07659007726573712,
    "battery_model": "N/A",
    "n_batteries": 0,
    "n_series": 0,
    "n_parallel": 0,
    "battery_voltage_nominal_V": 0,
    "battery_temp_profile_K": null,
    "battery_max_temp_K": null
}