{
    "r_e_m": 0.0019000000069018296,
    "r_c_m": 0.019199999954119137,
    "d_m": 0.02857629290694609,
    "l_m": 0.12373576272122591,
    "V_V": 406390.45701048983,
    "shape_emitter": "pointed",
    "mat_emitter": "copper",
    "mat_collector": "aluminum",
    "T_collector_m": 0.0001,
    "simulated_thrust_N": 0.002120679710060358,
    "required_thrust_N": 0,
    "power_draw_W": 0.02120679710060358,
    "flight_time_s": 1800,
    "thrust_to_weight_ratio": 0.0034882310344828363,
    "payload_weight_kg": 0.1,
    "thruster_weight_kg": 0.005035996653459034,
    "battery_weight_kg": 0,
    "generator_weight_kg": 0.057,
    "system_weight_kg": 0.06203599665345903,
    "battery_model": "N/A",
    "n_batteries": 0,
    "n_series": 0,
    "n_parallel": 0,
    "battery_voltage_nominal_V": 0,
    "battery_temp_profile_K": null,
    "battery_max_temp_K": null
}