{
    "r_e_m": 0.0018999998956622664,
    "r_c_m": 0.01919999978613004,
    "d_m": 0.04375969355642446,
    "l_m": 0.05313010848249042,
    "V_V": 235147.0220518845,
    "shape_emitter": "pointed",
    "mat_emitter": "aluminum",
    "mat_collector": "copper",
    "T_collector_m": 0.0001,
    "simulated_thrust_N": 3.803120857709542e-18,
    "required_thrust_N": 0,
    "power_draw_W": 3.8031208577095424e-17,
    "flight_time_s": 1800,
    "thrust_to_weight_ratio": 6.156561808822867e-18,
    "payload_weight_kg": 0.1,
    "thruster_weight_kg": 0.006034136415717482,
    "battery_weight_kg": 0,
    "generator_weight_kg": 0.057,
    "system_weight_kg": 0.06303413641571748,
    "battery_model": "N/A",
    "n_batteries": 0,
    "n_series": 0,
    "n_parallel": 0,
    "battery_voltage_nominal_V": 0,
    "battery_temp_profile_K": null,
    "battery_max_temp_K": null
}