{
    "r_e_m": 0.0019,
    "r_c_m": 0.019200000000000002,
    "d_m": 0.009238910889009442,
    "l_m": 0.07462599032044133,
    "V_V": 228378.4494231939,
    "shape_emitter": "pointed",
    "mat_emitter": "steel_304",
    "mat_collector": "aluminum",
    "T_collector_m": 0.0001,
    "simulated_thrust_N": 0.00016867302474565804,
    "required_thrust_N": 0,
    "power_draw_W": 0.0016867302474565804,
    "flight_time_s": 1800,
    "thrust_to_weight_ratio": 0.0002853891322999905,
    "payload_weight_kg": 0.1,
    "thruster_weight_kg": 0.0033089998508419576,
    "battery_weight_kg": 0,
    "generator_weight_kg": 0.057,
    "system_weight_kg": 0.06030899985084196,
    "battery_model": "N/A",
    "n_batteries": 0,
    "n_series": 0,
    "n_parallel": 0,
    "battery_voltage_nominal_V": 0,
    "battery_temp_profile_K": null,
    "battery_max_temp_K": null
}