{
    "r_e_m": 0.0019,
    "r_c_m": 0.019200000000000002,
    "d_m": 0.0075788093150108825,
    "l_m": 0.061905329547117215,
    "V_V": 142148.3367770215,
    "shape_emitter": "pointed",
    "mat_emitter": "copper",
    "mat_collector": "steel_304",
    "T_collector_m": 0.0001,
    "simulated_thrust_N": 6.758223025826737e-05,
    "required_thrust_N": 0,
    "power_draw_W": 0.0006758223025826737,
    "flight_time_s": 1800,
    "thrust_to_weight_ratio": 0.00010804585752287054,
    "payload_weight_kg": 0.1,
    "thruster_weight_kg": 0.006826102201663966,
    "battery_weight_kg": 0,
    "generator_weight_kg": 0.057,
    "system_weight_kg": 0.06382610220166397,
    "battery_model": "N/A",
    "n_batteries": 0,
    "n_series": 0,
    "n_parallel": 0,
    "battery_voltage_nominal_V": 0,
    "battery_temp_profile_K": null,
    "battery_max_temp_K": null
}