{
    "r_e_m": 0.0019,
    "r_c_m": 0.019200000000000002,
    "d_m": 0.005417713944774404,
    "l_m": 0.15324624315406887,
    "V_V": 249509.85619093865,
    "shape_emitter": "pointed",
    "mat_emitter": "steel_304",
    "mat_collector": "brass",
    "T_collector_m": 0.0001,
    "simulated_thrust_N": 0.0003828195040114224,
    "required_thrust_N": 0,
    "power_draw_W": 0.003828195040114224,
    "flight_time_s": 1800,
    "thrust_to_weight_ratio": 0.0005323892528256859,
    "payload_weight_kg": 0.1,
    "thruster_weight_kg": 0.016373409563985156,
    "battery_weight_kg": 0,
    "generator_weight_kg": 0.057,
    "system_weight_kg": 0.07337340956398516,
    "battery_model": "N/A",
    "n_batteries": 0,
    "n_series": 0,
    "n_parallel": 0,
    "battery_voltage_nominal_V": 0,
    "battery_temp_profile_K": null,
    "battery_max_temp_K": null
}