{
    "r_e_m": 0.0019,
    "r_c_m": 0.019200000000000002,
    "d_m": 0.044940027772186524,
    "l_m": 0.11577815873313699,
    "V_V": 251378.7104412596,
    "shape_emitter": "pointed",
    "mat_emitter": "copper",
    "mat_collector": "copper",
    "T_collector_m": 0.0001,
    "simulated_thrust_N": 0.0021247805561870337,
    "required_thrust_N": 0,
    "power_draw_W": 0.021247805561870337,
    "flight_time_s": 1800,
    "thrust_to_weight_ratio": 0.0030754618141059266,
    "payload_weight_kg": 0.1,
    "thruster_weight_kg": 0.013498141603847276,
    "battery_weight_kg": 0,
    "generator_weight_kg": 0.057,
    "system_weight_kg": 0.07049814160384728,
    "battery_model": "N/A",
    "n_batteries": 0,
    "n_series": 0,
    "n_parallel": 0,
    "battery_voltage_nominal_V": 0,
    "battery_temp_profile_K": null,
    "battery_max_temp_K": null
}