{
    "r_e_m": 0.001899991223010454,
    "r_c_m": 0.019938478433653643,
    "d_m": 0.03452024620898686,
    "l_m": 0.1750507868217128,
    "V_V": 479661.9122864549,
    "shape_emitter": "pointed",
    "mat_emitter": "copper",
    "mat_collector": "brass",
    "T_collector_m": 0.0001,
    "simulated_thrust_N": 0.004900615196675062,
    "required_thrust_N": 0,
    "power_draw_W": 0.04900615196675062,
    "flight_time_s": 1800,
    "thrust_to_weight_ratio": 0.006546091222239119,
    "payload_weight_kg": 0.1,
    "thruster_weight_kg": 0.019391048977755617,
    "battery_weight_kg": 0,
    "generator_weight_kg": 0.057,
    "system_weight_kg": 0.07639104897775562,
    "battery_model": "N/A",
    "n_batteries": 0,
    "n_series": 0,
    "n_parallel": 0,
    "battery_voltage_nominal_V": 0,
    "battery_temp_profile_K": null,
    "battery_max_temp_K": null
}