{
    "r_e_m": 0.0017243324529086974,
    "r_c_m": 0.0191989555936434,
    "d_m": 0.0114223719084868,
    "l_m": 0.08340636654677451,
    "V_V": 234817.99296930217,
    "shape_emitter": "pointed",
    "mat_emitter": "steel_304",
    "mat_collector": "steel_304",
    "T_collector_m": 0.0001,
    "simulated_thrust_N": 0.0002900126564782113,
    "required_thrust_N": 0,
    "power_draw_W": 0.002900126564782113,
    "flight_time_s": 1800,
    "thrust_to_weight_ratio": 0.00045141741685705215,
    "payload_weight_kg": 0.1,
    "thruster_weight_kg": 0.00855601779413279,
    "battery_weight_kg": 0,
    "generator_weight_kg": 0.057,
    "system_weight_kg": 0.0655560177941328,
    "battery_model": "N/A",
    "n_batteries": 0,
    "n_series": 0,
    "n_parallel": 0,
    "battery_voltage_nominal_V": 0,
    "battery_temp_profile_K": null,
    "battery_max_temp_K": null
}