{
    "r_e_m": 0.0019,
    "r_c_m": 0.019200000000000002,
    "d_m": 0.012059078893798682,
    "l_m": 0.1447955453800066,
    "V_V": 119785.29460302896,
    "shape_emitter": "pointed",
    "mat_emitter": "steel_304",
    "mat_collector": "copper",
    "T_collector_m": 0.0001,
    "simulated_thrust_N": 0.00027979875449091196,
    "required_thrust_N": 0,
    "power_draw_W": 0.0027979875449091196,
    "flight_time_s": 1800,
    "thrust_to_weight_ratio": 0.0003884743169172787,
    "payload_weight_kg": 0.1,
    "thruster_weight_kg": 0.01649493151043696,
    "battery_weight_kg": 0,
    "generator_weight_kg": 0.057,
    "system_weight_kg": 0.07349493151043696,
    "battery_model": "N/A",
    "n_batteries": 0,
    "n_series": 0,
    "n_parallel": 0,
    "battery_voltage_nominal_V": 0,
    "battery_temp_profile_K": null,
    "battery_max_temp_K": null
}