{
    "r_e_m": 0.001899999949656447,
    "r_c_m": 0.01919999994337466,
    "d_m": 0.03120734991955089,
    "l_m": 0.055150126728481214,
    "V_V": 118306.91126966814,
    "shape_emitter": "pointed",
    "mat_emitter": "steel_304",
    "mat_collector": "nickel",
    "T_collector_m": 0.0001,
    "simulated_thrust_N": 1.1739907819757062e-13,
    "required_thrust_N": 0,
    "power_draw_W": 1.1739907819757062e-12,
    "flight_time_s": 1800,
    "thrust_to_weight_ratio": 1.8777876754972744e-13,
    "payload_weight_kg": 0.1,
    "thruster_weight_kg": 0.006795805732348872,
    "battery_weight_kg": 0,
    "generator_weight_kg": 0.057,
    "system_weight_kg": 0.06379580573234887,
    "battery_model": "N/A",
    "n_batteries": 0,
    "n_series": 0,
    "n_parallel": 0,
    "battery_voltage_nominal_V": 0,
    "battery_temp_profile_K": null,
    "battery_max_temp_K": null
}