{
    "r_e_m": 0.0019,
    "r_c_m": 0.019200000000000002,
    "d_m": 0.012707922219667675,
    "l_m": 0.06027698293744234,
    "V_V": 49261.17010702217,
    "shape_emitter": "pointed",
    "mat_emitter": "aluminum",
    "mat_collector": "aluminum",
    "T_collector_m": 0.0001,
    "simulated_thrust_N": 1.791864530356819e-15,
    "required_thrust_N": 0,
    "power_draw_W": 1.791864530356819e-14,
    "flight_time_s": 1800,
    "thrust_to_weight_ratio": 3.0852111857076414e-15,
    "payload_weight_kg": 0.1,
    "thruster_weight_kg": 0.0022644420165445567,
    "battery_weight_kg": 0,
    "generator_weight_kg": 0.057,
    "system_weight_kg": 0.05926444201654456,
    "battery_model": "N/A",
    "n_batteries": 0,
    "n_series": 0,
    "n_parallel": 0,
    "battery_voltage_nominal_V": 0,
    "battery_temp_profile_K": null,
    "battery_max_temp_K": null
}