{
    "r_e_m": 0.0019000000195796118,
    "r_c_m": 0.01822690176351644,
    "d_m": 0.012513043469937724,
    "l_m": 0.09432095776244773,
    "V_V": 499654.10058880114,
    "shape_emitter": "pointed",
    "mat_emitter": "aluminum",
    "mat_collector": "brass",
    "T_collector_m": 0.0001,
    "simulated_thrust_N": 0.0007324936450459063,
    "required_thrust_N": 0,
    "power_draw_W": 0.007324936450459063,
    "flight_time_s": 1800,
    "thrust_to_weight_ratio": 0.0011264309487318694,
    "payload_weight_kg": 0.1,
    "thruster_weight_kg": 0.009354932433831778,
    "battery_weight_kg": 0,
    "generator_weight_kg": 0.057,
    "system_weight_kg": 0.06635493243383178,
    "battery_model": "N/A",
    "n_batteries": 0,
    "n_series": 0,
    "n_parallel": 0,
    "battery_voltage_nominal_V": 0,
    "battery_temp_profile_K": null,
    "battery_max_temp_K": null
}