{
    "r_e_m": 0.011622962242977163,
    "r_c_m": 0.13025995720020084,
    "d_m": 0.07368512002520627,
    "l_m": 0.1453898297949381,
    "V_V": 298100.6495867579,
    "shape_emitter": "cylindrical",
    "mat_emitter": "tungsten",
    "mat_collector": "copper",
    "T_collector_m": 0.0001,
    "simulated_thrust_N": 8.400772094726562,
    "required_thrust_N": 0,
    "power_draw_W": 420.0386047363281,
    "flight_time_s": 1800,
    "thrust_to_weight_ratio": 3.494924222399211,
    "payload_weight_kg": 0.1,
    "thruster_weight_kg": 0.18827617417998485,
    "battery_weight_kg": 0,
    "generator_weight_kg": 0.057,
    "system_weight_kg": 0.24527617417998485,
    "battery_model": "N/A",
    "n_batteries": 0,
    "n_series": 0,
    "n_parallel": 0,
    "battery_voltage_nominal_V": 0,
    "battery_temp_profile_K": null,
    "battery_max_temp_K": null
}