{
    "r_e_m": 0.0019,
    "r_c_m": 0.019200000000000002,
    "d_m": 0.044212037217541564,
    "l_m": 0.18650640196192347,
    "V_V": 252087.4603284389,
    "shape_emitter": "pointed",
    "mat_emitter": "steel_304",
    "mat_collector": "steel_304",
    "T_collector_m": 0.0001,
    "simulated_thrust_N": 0.0032580122351646423,
    "required_thrust_N": 0,
    "power_draw_W": 0.03258012235164642,
    "flight_time_s": 1800,
    "thrust_to_weight_ratio": 0.004409821124621136,
    "payload_weight_kg": 0.1,
    "thruster_weight_kg": 0.0183885971070055,
    "battery_weight_kg": 0,
    "generator_weight_kg": 0.057,
    "system_weight_kg": 0.0753885971070055,
    "battery_model": "N/A",
    "n_batteries": 0,
    "n_series": 0,
    "n_parallel": 0,
    "battery_voltage_nominal_V": 0,
    "battery_temp_profile_K": null,
    "battery_max_temp_K": null
}