{
    "r_e_m": 0.0019000000022569511,
    "r_c_m": 0.019199999910685262,
    "d_m": 0.028887607375856193,
    "l_m": 0.11352079110502354,
    "V_V": 142043.2535029733,
    "shape_emitter": "pointed",
    "mat_emitter": "copper",
    "mat_collector": "copper",
    "T_collector_m": 0.0001,
    "simulated_thrust_N": 0.0007763692992739379,
    "required_thrust_N": 0,
    "power_draw_W": 0.007763692992739379,
    "flight_time_s": 1800,
    "thrust_to_weight_ratio": 0.0011276294863382026,
    "payload_weight_kg": 0.1,
    "thruster_weight_kg": 0.013254776084321752,
    "battery_weight_kg": 0,
    "generator_weight_kg": 0.057,
    "system_weight_kg": 0.07025477608432175,
    "battery_model": "N/A",
    "n_batteries": 0,
    "n_series": 0,
    "n_parallel": 0,
    "battery_voltage_nominal_V": 0,
    "battery_temp_profile_K": null,
    "battery_max_temp_K": null
}