{
    "r_e_m": 0.0019,
    "r_c_m": 0.019200000000000002,
    "d_m": 0.01363879490892772,
    "l_m": 0.05163635239590925,
    "V_V": 146845.62460045484,
    "shape_emitter": "pointed",
    "mat_emitter": "steel_304",
    "mat_collector": "steel_304",
    "T_collector_m": 0.0001,
    "simulated_thrust_N": 0.00010802964970935136,
    "required_thrust_N": 0,
    "power_draw_W": 0.0010802964970935136,
    "flight_time_s": 1800,
    "thrust_to_weight_ratio": 0.0001757260692246746,
    "payload_weight_kg": 0.1,
    "thruster_weight_kg": 0.005730781451199191,
    "battery_weight_kg": 0,
    "generator_weight_kg": 0.057,
    "system_weight_kg": 0.06273078145119919,
    "battery_model": "N/A",
    "n_batteries": 0,
    "n_series": 0,
    "n_parallel": 0,
    "battery_voltage_nominal_V": 0,
    "battery_temp_profile_K": null,
    "battery_max_temp_K": null
}