{
    "r_e_m": 0.0018999999755012426,
    "r_c_m": 0.019200000028225122,
    "d_m": 0.021935512276903088,
    "l_m": 0.11698091851586646,
    "V_V": 265361.1497004605,
    "shape_emitter": "pointed",
    "mat_emitter": "copper",
    "mat_collector": "steel_304",
    "T_collector_m": 0.0001,
    "simulated_thrust_N": 0.0009662266820669174,
    "required_thrust_N": 0,
    "power_draw_W": 0.009662266820669174,
    "flight_time_s": 1800,
    "thrust_to_weight_ratio": 0.0014290091115446366,
    "payload_weight_kg": 0.1,
    "thruster_weight_kg": 0.011995053004253497,
    "battery_weight_kg": 0,
    "generator_weight_kg": 0.057,
    "system_weight_kg": 0.0689950530042535,
    "battery_model": "N/A",
    "n_batteries": 0,
    "n_series": 0,
    "n_parallel": 0,
    "battery_voltage_nominal_V": 0,
    "battery_temp_profile_K": null,
    "battery_max_temp_K": null
}