{
    "r_e_m": 0.0018999999836133287,
    "r_c_m": 0.0191999999119875,
    "d_m": 0.037255879320758946,
    "l_m": 0.10583497084535935,
    "V_V": 180310.38389650438,
    "shape_emitter": "pointed",
    "mat_emitter": "copper",
    "mat_collector": "aluminum",
    "T_collector_m": 0.0001,
    "simulated_thrust_N": 0.0011036864016205072,
    "required_thrust_N": 0,
    "power_draw_W": 0.011036864016205072,
    "flight_time_s": 1800,
    "thrust_to_weight_ratio": 0.0018325940867660346,
    "payload_weight_kg": 0.1,
    "thruster_weight_kg": 0.004454449844149198,
    "battery_weight_kg": 0,
    "generator_weight_kg": 0.057,
    "system_weight_kg": 0.0614544498441492,
    "battery_model": "N/A",
    "n_batteries": 0,
    "n_series": 0,
    "n_parallel": 0,
    "battery_voltage_nominal_V": 0,
    "battery_temp_profile_K": null,
    "battery_max_temp_K": null
}