{
    "r_e_m": 0.0019,
    "r_c_m": 0.019200000000000002,
    "d_m": 0.008081732254818874,
    "l_m": 0.07274114903940951,
    "V_V": 53690.2883827652,
    "shape_emitter": "pointed",
    "mat_emitter": "steel_304",
    "mat_collector": "nickel",
    "T_collector_m": 0.0001,
    "simulated_thrust_N": 1.2746134849623766e-15,
    "required_thrust_N": 0,
    "power_draw_W": 1.2746134849623766e-14,
    "flight_time_s": 1800,
    "thrust_to_weight_ratio": 1.9802081534306297e-15,
    "payload_weight_kg": 0.1,
    "thruster_weight_kg": 0.008681277132930085,
    "battery_weight_kg": 0,
    "generator_weight_kg": 0.057,
    "system_weight_kg": 0.0656812771329301,
    "battery_model": "N/A",
    "n_batteries": 0,
    "n_series": 0,
    "n_parallel": 0,
    "battery_voltage_nominal_V": 0,
    "battery_temp_profile_K": null,
    "battery_max_temp_K": null
}