{
    "r_e_m": 0.001899999976968537,
    "r_c_m": 0.019199999863429094,
    "d_m": 0.020157123084880102,
    "l_m": 0.11775586683108158,
    "V_V": 306781.5455411351,
    "shape_emitter": "pointed",
    "mat_emitter": "steel_304",
    "mat_collector": "brass",
    "T_collector_m": 0.0001,
    "simulated_thrust_N": 0.0010829345555976033,
    "required_thrust_N": 0,
    "power_draw_W": 0.010829345555976033,
    "flight_time_s": 1800,
    "thrust_to_weight_ratio": 0.0015834547240363161,
    "payload_weight_kg": 0.1,
    "thruster_weight_kg": 0.012786350316167108,
    "battery_weight_kg": 0,
    "generator_weight_kg": 0.057,
    "system_weight_kg": 0.06978635031616712,
    "battery_model": "N/A",
    "n_batteries": 0,
    "n_series": 0,
    "n_parallel": 0,
    "battery_voltage_nominal_V": 0,
    "battery_temp_profile_K": null,
    "battery_max_temp_K": null
}