{
    "r_e_m": 0.0019,
    "r_c_m": 0.019200000000000002,
    "d_m": 0.02909240975759529,
    "l_m": 0.1543221166179466,
    "V_V": 442761.74619123584,
    "shape_emitter": "pointed",
    "mat_emitter": "copper",
    "mat_collector": "aluminum",
    "T_collector_m": 0.0001,
    "simulated_thrust_N": 0.0033239845652133226,
    "required_thrust_N": 0,
    "power_draw_W": 0.033239845652133226,
    "flight_time_s": 1800,
    "thrust_to_weight_ratio": 0.005381309180724537,
    "payload_weight_kg": 0.1,
    "thruster_weight_kg": 0.0060296619465912225,
    "battery_weight_kg": 0,
    "generator_weight_kg": 0.057,
    "system_weight_kg": 0.06302966194659122,
    "battery_model": "N/A",
    "n_batteries": 0,
    "n_series": 0,
    "n_parallel": 0,
    "battery_voltage_nominal_V": 0,
    "battery_temp_profile_K": null,
    "battery_max_temp_K": null
}