{
    "r_e_m": 0.0019,
    "r_c_m": 0.019200000000000002,
    "d_m": 0.045818848090417474,
    "l_m": 0.06367057903003182,
    "V_V": 373575.0451240185,
    "shape_emitter": "pointed",
    "mat_emitter": "copper",
    "mat_collector": "nickel",
    "T_collector_m": 0.0001,
    "simulated_thrust_N": 4.338924617948928e-18,
    "required_thrust_N": 0,
    "power_draw_W": 4.3389246179489284e-17,
    "flight_time_s": 1800,
    "thrust_to_weight_ratio": 6.8282417829170644e-18,
    "payload_weight_kg": 0.1,
    "thruster_weight_kg": 0.007840616965623062,
    "battery_weight_kg": 0,
    "generator_weight_kg": 0.057,
    "system_weight_kg": 0.06484061696562307,
    "battery_model": "N/A",
    "n_batteries": 0,
    "n_series": 0,
    "n_parallel": 0,
    "battery_voltage_nominal_V": 0,
    "battery_temp_profile_K": null,
    "battery_max_temp_K": null
}