{
    "r_e_m": 0.0019,
    "r_c_m": 0.019200000000000002,
    "d_m": 0.03866100119574358,
    "l_m": 0.08782799322955576,
    "V_V": 183970.1824811585,
    "shape_emitter": "pointed",
    "mat_emitter": "steel_304",
    "mat_collector": "copper",
    "T_collector_m": 0.0001,
    "simulated_thrust_N": 0.0009220290230587125,
    "required_thrust_N": 0,
    "power_draw_W": 0.009220290230587125,
    "flight_time_s": 1800,
    "thrust_to_weight_ratio": 0.001396881864120323,
    "payload_weight_kg": 0.1,
    "thruster_weight_kg": 0.010353293507689485,
    "battery_weight_kg": 0,
    "generator_weight_kg": 0.057,
    "system_weight_kg": 0.06735329350768948,
    "battery_model": "N/A",
    "n_batteries": 0,
    "n_series": 0,
    "n_parallel": 0,
    "battery_voltage_nominal_V": 0,
    "battery_temp_profile_K": null,
    "battery_max_temp_K": null
}