{
    "r_e_m": 0.0019,
    "r_c_m": 0.019200000000000002,
    "d_m": 0.04763037960383189,
    "l_m": 0.08589513524058573,
    "V_V": 191813.45906830864,
    "shape_emitter": "pointed",
    "mat_emitter": "steel_304",
    "mat_collector": "graphite",
    "T_collector_m": 0.0001,
    "simulated_thrust_N": 1.6013960177450187e-13,
    "required_thrust_N": 0,
    "power_draw_W": 1.6013960177450187e-12,
    "flight_time_s": 1800,
    "thrust_to_weight_ratio": 2.7134970317276926e-13,
    "payload_weight_kg": 0.1,
    "thruster_weight_kg": 0.003220355873658258,
    "battery_weight_kg": 0,
    "generator_weight_kg": 0.057,
    "system_weight_kg": 0.06022035587365826,
    "battery_model": "N/A",
    "n_batteries": 0,
    "n_series": 0,
    "n_parallel": 0,
    "battery_voltage_nominal_V": 0,
    "battery_temp_profile_K": null,
    "battery_max_temp_K": null
}