{
    "r_e_m": 0.001900000013867998,
    "r_c_m": 0.01919999996521461,
    "d_m": 0.02900511192407264,
    "l_m": 0.09275841935572192,
    "V_V": 346001.72596788884,
    "shape_emitter": "pointed",
    "mat_emitter": "copper",
    "mat_collector": "steel_304",
    "T_collector_m": 0.0001,
    "simulated_thrust_N": 0.0013453717110678554,
    "required_thrust_N": 0,
    "power_draw_W": 0.013453717110678554,
    "flight_time_s": 1800,
    "thrust_to_weight_ratio": 0.0020575431568363753,
    "payload_weight_kg": 0.1,
    "thruster_weight_kg": 0.009721724501306553,
    "battery_weight_kg": 0,
    "generator_weight_kg": 0.057,
    "system_weight_kg": 0.06672172450130656,
    "battery_model": "N/A",
    "n_batteries": 0,
    "n_series": 0,
    "n_parallel": 0,
    "battery_voltage_nominal_V": 0,
    "battery_temp_profile_K": null,
    "battery_max_temp_K": null
}