{
    "r_e_m": 0.001899999896948335,
    "r_c_m": 0.019199999909293004,
    "d_m": 0.031905366600392955,
    "l_m": 0.10227189401375471,
    "V_V": 258255.52957567183,
    "shape_emitter": "pointed",
    "mat_emitter": "steel_304",
    "mat_collector": "steel_304",
    "T_collector_m": 0.0001,
    "simulated_thrust_N": 0.0012602393981069326,
    "required_thrust_N": 0,
    "power_draw_W": 0.012602393981069326,
    "flight_time_s": 1800,
    "thrust_to_weight_ratio": 0.001905603028571263,
    "payload_weight_kg": 0.1,
    "thruster_weight_kg": 0.010483025069551068,
    "battery_weight_kg": 0,
    "generator_weight_kg": 0.057,
    "system_weight_kg": 0.06748302506955108,
    "battery_model": "N/A",
    "n_batteries": 0,
    "n_series": 0,
    "n_parallel": 0,
    "battery_voltage_nominal_V": 0,
    "battery_temp_profile_K": null,
    "battery_max_temp_K": null
}