{
    "r_e_m": 0.0020268924404938044,
    "r_c_m": 0.018017376036218537,
    "d_m": 0.02272429825269375,
    "l_m": 0.034731332043341785,
    "V_V": 18297.91770324445,
    "shape_emitter": "pointed",
    "mat_emitter": "steel_304",
    "mat_collector": "brass",
    "T_collector_m": 0.0001,
    "simulated_thrust_N": 9.553446384064838e-18,
    "required_thrust_N": 0,
    "power_draw_W": 9.553446384064838e-17,
    "flight_time_s": 1800,
    "thrust_to_weight_ratio": 1.5902726889544576e-17,
    "payload_weight_kg": 0.1,
    "thruster_weight_kg": 0.004300270987024145,
    "battery_weight_kg": 0,
    "generator_weight_kg": 0.057,
    "system_weight_kg": 0.06130027098702415,
    "battery_model": "N/A",
    "n_batteries": 0,
    "n_series": 0,
    "n_parallel": 0,
    "battery_voltage_nominal_V": 0,
    "battery_temp_profile_K": null,
    "battery_max_temp_K": null
}