{
    "r_e_m": 0.0018999999832683093,
    "r_c_m": 0.01919999997007274,
    "d_m": 0.03418871755066757,
    "l_m": 0.08318661346062349,
    "V_V": 428968.96758563805,
    "shape_emitter": "pointed",
    "mat_emitter": "aluminum",
    "mat_collector": "aluminum",
    "T_collector_m": 0.0001,
    "simulated_thrust_N": 0.0017687629442662,
    "required_thrust_N": 0,
    "power_draw_W": 0.017687629442662,
    "flight_time_s": 1800,
    "thrust_to_weight_ratio": 0.0030076635337936914,
    "payload_weight_kg": 0.1,
    "thruster_weight_kg": 0.0030087119762981763,
    "battery_weight_kg": 0,
    "generator_weight_kg": 0.057,
    "system_weight_kg": 0.06000871197629818,
    "battery_model": "N/A",
    "n_batteries": 0,
    "n_series": 0,
    "n_parallel": 0,
    "battery_voltage_nominal_V": 0,
    "battery_temp_profile_K": null,
    "battery_max_temp_K": null
}