{
    "r_e_m": 0.0019,
    "r_c_m": 0.019200000000000002,
    "d_m": 0.04167904703170797,
    "l_m": 0.04999767921737829,
    "V_V": 251399.4579650191,
    "shape_emitter": "pointed",
    "mat_emitter": "copper",
    "mat_collector": "aluminum",
    "T_collector_m": 0.0001,
    "simulated_thrust_N": 3.8522065824390516e-18,
    "required_thrust_N": 0,
    "power_draw_W": 3.8522065824390516e-17,
    "flight_time_s": 1800,
    "thrust_to_weight_ratio": 6.590867282643509e-18,
    "payload_weight_kg": 0.1,
    "thruster_weight_kg": 0.002640452079146604,
    "battery_weight_kg": 0,
    "generator_weight_kg": 0.057,
    "system_weight_kg": 0.0596404520791466,
    "battery_model": "N/A",
    "n_batteries": 0,
    "n_series": 0,
    "n_parallel": 0,
    "battery_voltage_nominal_V": 0,
    "battery_temp_profile_K": null,
    "battery_max_temp_K": null
}