{
    "r_e_m": 0.0019,
    "r_c_m": 0.019200000000000002,
    "d_m": 0.028035443940945003,
    "l_m": 0.0684129974959786,
    "V_V": 398681.87010679627,
    "shape_emitter": "pointed",
    "mat_emitter": "steel_304",
    "mat_collector": "brass",
    "T_collector_m": 0.0001,
    "simulated_thrust_N": 0.0009924680925905704,
    "required_thrust_N": 0,
    "power_draw_W": 0.009924680925905704,
    "flight_time_s": 1800,
    "thrust_to_weight_ratio": 0.0015628626886544422,
    "payload_weight_kg": 0.1,
    "thruster_weight_kg": 0.007799201542886428,
    "battery_weight_kg": 0,
    "generator_weight_kg": 0.057,
    "system_weight_kg": 0.06479920154288643,
    "battery_model": "N/A",
    "n_batteries": 0,
    "n_series": 0,
    "n_parallel": 0,
    "battery_voltage_nominal_V": 0,
    "battery_temp_profile_K": null,
    "battery_max_temp_K": null
}