{
    "r_e_m": 0.0019,
    "r_c_m": 0.019200000000000002,
    "d_m": 0.03365630347785311,
    "l_m": 0.026025589051358967,
    "V_V": 361895.2713426659,
    "shape_emitter": "pointed",
    "mat_emitter": "steel_304",
    "mat_collector": "copper",
    "T_collector_m": 0.0001,
    "simulated_thrust_N": 1.9411571511873783e-18,
    "required_thrust_N": 0,
    "power_draw_W": 1.9411571511873783e-17,
    "flight_time_s": 1800,
    "thrust_to_weight_ratio": 3.2637322867388288e-18,
    "payload_weight_kg": 0.1,
    "thruster_weight_kg": 0.003690412975987218,
    "battery_weight_kg": 0,
    "generator_weight_kg": 0.057,
    "system_weight_kg": 0.06069041297598722,
    "battery_model": "N/A",
    "n_batteries": 0,
    "n_series": 0,
    "n_parallel": 0,
    "battery_voltage_nominal_V": 0,
    "battery_temp_profile_K": null,
    "battery_max_temp_K": null
}