{
    "r_e_m": 0.0019,
    "r_c_m": 0.019200000000000002,
    "d_m": 0.042822081776794675,
    "l_m": 0.06562869479679209,
    "V_V": 216593.559563929,
    "shape_emitter": "pointed",
    "mat_emitter": "nickel",
    "mat_collector": "copper",
    "T_collector_m": 0.0001,
    "simulated_thrust_N": 3.485973193411811e-18,
    "required_thrust_N": 0,
    "power_draw_W": 3.485973193411811e-17,
    "flight_time_s": 1800,
    "thrust_to_weight_ratio": 5.4652829668916476e-18,
    "payload_weight_kg": 0.1,
    "thruster_weight_kg": 0.008085660249070889,
    "battery_weight_kg": 0,
    "generator_weight_kg": 0.057,
    "system_weight_kg": 0.06508566024907089,
    "battery_model": "N/A",
    "n_batteries": 0,
    "n_series": 0,
    "n_parallel": 0,
    "battery_voltage_nominal_V": 0,
    "battery_temp_profile_K": null,
    "battery_max_temp_K": null
}