{
    "r_e_m": 0.0019000000205096586,
    "r_c_m": 0.01919999996849008,
    "d_m": 0.024339724721016386,
    "l_m": 0.124401414754076,
    "V_V": 237426.0857864709,
    "shape_emitter": "pointed",
    "mat_emitter": "aluminum",
    "mat_collector": "steel_304",
    "T_collector_m": 0.0001,
    "simulated_thrust_N": 0.0011432329192757607,
    "required_thrust_N": 0,
    "power_draw_W": 0.011432329192757607,
    "flight_time_s": 1800,
    "thrust_to_weight_ratio": 0.001691125563364754,
    "payload_weight_kg": 0.1,
    "thruster_weight_kg": 0.011981525004066178,
    "battery_weight_kg": 0,
    "generator_weight_kg": 0.057,
    "system_weight_kg": 0.06898152500406618,
    "battery_model": "N/A",
    "n_batteries": 0,
    "n_series": 0,
    "n_parallel": 0,
    "battery_voltage_nominal_V": 0,
    "battery_temp_profile_K": null,
    "battery_max_temp_K": null
}