{
    "r_e_m": 0.0018999999360070092,
    "r_c_m": 0.019199999849495854,
    "d_m": 0.036111854190551775,
    "l_m": 0.09694979154615041,
    "V_V": 367676.0174810614,
    "shape_emitter": "pointed",
    "mat_emitter": "copper",
    "mat_collector": "brass",
    "T_collector_m": 0.0001,
    "simulated_thrust_N": 0.0019262365531176329,
    "required_thrust_N": 0,
    "power_draw_W": 0.01926236553117633,
    "flight_time_s": 1800,
    "thrust_to_weight_ratio": 0.0028983959437159984,
    "payload_weight_kg": 0.1,
    "thruster_weight_kg": 0.010815010141825314,
    "battery_weight_kg": 0,
    "generator_weight_kg": 0.057,
    "system_weight_kg": 0.06781501014182531,
    "battery_model": "N/A",
    "n_batteries": 0,
    "n_series": 0,
    "n_parallel": 0,
    "battery_voltage_nominal_V": 0,
    "battery_temp_profile_K": null,
    "battery_max_temp_K": null
}