{
    "r_e_m": 0.0019,
    "r_c_m": 0.019200000000000002,
    "d_m": 0.008423425656969305,
    "l_m": 0.04122355006424314,
    "V_V": 408965.55865901103,
    "shape_emitter": "pointed",
    "mat_emitter": "copper",
    "mat_collector": "copper",
    "T_collector_m": 0.0001,
    "simulated_thrust_N": 0.00013875574222765863,
    "required_thrust_N": 0,
    "power_draw_W": 0.0013875574222765863,
    "flight_time_s": 1800,
    "thrust_to_weight_ratio": 0.00022668341998978458,
    "payload_weight_kg": 0.1,
    "thruster_weight_kg": 0.005460453470933161,
    "battery_weight_kg": 0,
    "generator_weight_kg": 0.057,
    "system_weight_kg": 0.06246045347093317,
    "battery_model": "N/A",
    "n_batteries": 0,
    "n_series": 0,
    "n_parallel": 0,
    "battery_voltage_nominal_V": 0,
    "battery_temp_profile_K": null,
    "battery_max_temp_K": null
}