{
    "r_e_m": 0.0018999993576064864,
    "r_c_m": 0.0191999990219314,
    "d_m": 0.018991787915815152,
    "l_m": 0.10367028940187484,
    "V_V": 327963.58572119055,
    "shape_emitter": "pointed",
    "mat_emitter": "copper",
    "mat_collector": "graphite",
    "T_collector_m": 0.0001,
    "simulated_thrust_N": 0.000891529954969883,
    "required_thrust_N": 0,
    "power_draw_W": 0.00891529954969883,
    "flight_time_s": 1800,
    "thrust_to_weight_ratio": 0.0014953897835996719,
    "payload_weight_kg": 0.1,
    "thruster_weight_kg": 0.0038352721025650665,
    "battery_weight_kg": 0,
    "generator_weight_kg": 0.057,
    "system_weight_kg": 0.06083527210256507,
    "battery_model": "N/A",
    "n_batteries": 0,
    "n_series": 0,
    "n_parallel": 0,
    "battery_voltage_nominal_V": 0,
    "battery_temp_profile_K": null,
    "battery_max_temp_K": null
}