{
    "r_e_m": 0.0019000000679412624,
    "r_c_m": 0.019199999937177872,
    "d_m": 0.02986976821497716,
    "l_m": 0.07504360077413776,
    "V_V": 303625.60290791426,
    "shape_emitter": "pointed",
    "mat_emitter": "aluminum",
    "mat_collector": "nickel",
    "T_collector_m": 0.0001,
    "simulated_thrust_N": 0.0009186891256831586,
    "required_thrust_N": 0,
    "power_draw_W": 0.009186891256831586,
    "flight_time_s": 1800,
    "thrust_to_weight_ratio": 0.0014344953407980448,
    "payload_weight_kg": 0.1,
    "thruster_weight_kg": 0.008349663863574643,
    "battery_weight_kg": 0,
    "generator_weight_kg": 0.057,
    "system_weight_kg": 0.06534966386357464,
    "battery_model": "N/A",
    "n_batteries": 0,
    "n_series": 0,
    "n_parallel": 0,
    "battery_voltage_nominal_V": 0,
    "battery_temp_profile_K": null,
    "battery_max_temp_K": null
}