{
    "r_e_m": 0.0018999998969300696,
    "r_c_m": 0.019199999998424644,
    "d_m": 0.039540618339383146,
    "l_m": 0.15885079878045777,
    "V_V": 215884.39461938653,
    "shape_emitter": "pointed",
    "mat_emitter": "aluminum",
    "mat_collector": "aluminum",
    "T_collector_m": 0.0001,
    "simulated_thrust_N": 0.0021656090393662453,
    "required_thrust_N": 0,
    "power_draw_W": 0.021656090393662453,
    "flight_time_s": 1800,
    "thrust_to_weight_ratio": 0.0035375656729405647,
    "payload_weight_kg": 0.1,
    "thruster_weight_kg": 0.005466830202294923,
    "battery_weight_kg": 0,
    "generator_weight_kg": 0.057,
    "system_weight_kg": 0.062466830202294925,
    "battery_model": "N/A",
    "n_batteries": 0,
    "n_series": 0,
    "n_parallel": 0,
    "battery_voltage_nominal_V": 0,
    "battery_temp_profile_K": null,
    "battery_max_temp_K": null
}