{
    "r_e_m": 0.0019000272697373723,
    "r_c_m": 0.019199999871599104,
    "d_m": 0.022103470229537573,
    "l_m": 0.04246871526604275,
    "V_V": 206018.73885406487,
    "shape_emitter": "pointed",
    "mat_emitter": "steel_304",
    "mat_collector": "graphite",
    "T_collector_m": 0.0001,
    "simulated_thrust_N": 0.0012610680423676968,
    "required_thrust_N": 0,
    "power_draw_W": 0.012610680423676968,
    "flight_time_s": 1800,
    "thrust_to_weight_ratio": 0.0021795652305587605,
    "payload_weight_kg": 0.1,
    "thruster_weight_kg": 0.0020394867207120596,
    "battery_weight_kg": 0,
    "generator_weight_kg": 0.057,
    "system_weight_kg": 0.05903948672071206,
    "battery_model": "N/A",
    "n_batteries": 0,
    "n_series": 0,
    "n_parallel": 0,
    "battery_voltage_nominal_V": 0,
    "battery_temp_profile_K": null,
    "battery_max_temp_K": null
}