{
    "r_e_m": 0.0019,
    "r_c_m": 0.019200000000000002,
    "d_m": 0.020397241694375137,
    "l_m": 0.07519407008998254,
    "V_V": 53248.32438209537,
    "shape_emitter": "pointed",
    "mat_emitter": "aluminum",
    "mat_collector": "nickel",
    "T_collector_m": 0.0001,
    "simulated_thrust_N": 0.00010549591388553381,
    "required_thrust_N": 0,
    "power_draw_W": 0.001054959138855338,
    "flight_time_s": 1800,
    "thrust_to_weight_ratio": 0.00016468689335902514,
    "payload_weight_kg": 0.1,
    "thruster_weight_kg": 0.008365791730160832,
    "battery_weight_kg": 0,
    "generator_weight_kg": 0.057,
    "system_weight_kg": 0.06536579173016083,
    "battery_model": "N/A",
    "n_batteries": 0,
    "n_series": 0,
    "n_parallel": 0,
    "battery_voltage_nominal_V": 0,
    "battery_temp_profile_K": null,
    "battery_max_temp_K": null
}