{
    "r_e_m": 0.016674983864908444,
    "r_c_m": 0.018996716340908562,
    "d_m": 0.01622455630154709,
    "l_m": 0.0936633496371067,
    "V_V": 77327.50841727809,
    "shape_emitter": "cylindrical",
    "mat_emitter": "aluminum",
    "mat_collector": "aluminum",
    "T_collector_m": 0.0001,
    "simulated_thrust_N": 0.0010746413609012961,
    "required_thrust_N": 0,
    "power_draw_W": 0.05373206804506481,
    "flight_time_s": 1800,
    "thrust_to_weight_ratio": 0.0013117523126901706,
    "payload_weight_kg": 0.1,
    "thruster_weight_kg": 0.026596026981446256,
    "battery_weight_kg": 0,
    "generator_weight_kg": 0.057,
    "system_weight_kg": 0.08359602698144626,
    "battery_model": "N/A",
    "n_batteries": 0,
    "n_series": 0,
    "n_parallel": 0,
    "battery_voltage_nominal_V": 0,
    "battery_temp_profile_K": null,
    "battery_max_temp_K": null
}