{
    "r_e_m": 0.0019,
    "r_c_m": 0.019200000000000002,
    "d_m": 0.02555402420008882,
    "l_m": 0.18410733254409603,
    "V_V": 128880.13806055303,
    "shape_emitter": "pointed",
    "mat_emitter": "steel_304",
    "mat_collector": "aluminum",
    "T_collector_m": 0.0001,
    "simulated_thrust_N": 0.0009070353116840124,
    "required_thrust_N": 0,
    "power_draw_W": 0.009070353116840124,
    "flight_time_s": 1800,
    "thrust_to_weight_ratio": 0.0014492060853373869,
    "payload_weight_kg": 0.1,
    "thruster_weight_kg": 0.006865743166320124,
    "battery_weight_kg": 0,
    "generator_weight_kg": 0.057,
    "system_weight_kg": 0.06386574316632013,
    "battery_model": "N/A",
    "n_batteries": 0,
    "n_series": 0,
    "n_parallel": 0,
    "battery_voltage_nominal_V": 0,
    "battery_temp_profile_K": null,
    "battery_max_temp_K": null
}