{
    "r_e_m": 0.0019,
    "r_c_m": 0.019200000000000002,
    "d_m": 0.04395619387814301,
    "l_m": 0.11028427293111945,
    "V_V": 146524.90292579454,
    "shape_emitter": "pointed",
    "mat_emitter": "aluminum",
    "mat_collector": "steel_304",
    "T_collector_m": 0.0001,
    "simulated_thrust_N": 0.0011361580109223723,
    "required_thrust_N": 0,
    "power_draw_W": 0.011361580109223723,
    "flight_time_s": 1800,
    "thrust_to_weight_ratio": 0.0017135724268478093,
    "payload_weight_kg": 0.1,
    "thruster_weight_kg": 0.010656603884384786,
    "battery_weight_kg": 0,
    "generator_weight_kg": 0.057,
    "system_weight_kg": 0.06765660388438478,
    "battery_model": "N/A",
    "n_batteries": 0,
    "n_series": 0,
    "n_parallel": 0,
    "battery_voltage_nominal_V": 0,
    "battery_temp_profile_K": null,
    "battery_max_temp_K": null
}