{
    "r_e_m": 0.0019,
    "r_c_m": 0.019200000000000002,
    "d_m": 0.021301942206609584,
    "l_m": 0.1470232821520191,
    "V_V": 65189.133428646484,
    "shape_emitter": "pointed",
    "mat_emitter": "copper",
    "mat_collector": "graphite",
    "T_collector_m": 0.0001,
    "simulated_thrust_N": 0.0003001459699589759,
    "required_thrust_N": 0,
    "power_draw_W": 0.003001459699589759,
    "flight_time_s": 1800,
    "thrust_to_weight_ratio": 0.0004938732456421616,
    "payload_weight_kg": 0.1,
    "thruster_weight_kg": 0.005014170765434188,
    "battery_weight_kg": 0,
    "generator_weight_kg": 0.057,
    "system_weight_kg": 0.06201417076543419,
    "battery_model": "N/A",
    "n_batteries": 0,
    "n_series": 0,
    "n_parallel": 0,
    "battery_voltage_nominal_V": 0,
    "battery_temp_profile_K": null,
    "battery_max_temp_K": null
}