{
    "r_e_m": 0.0019,
    "r_c_m": 0.019200000000000002,
    "d_m": 0.02568636059040256,
    "l_m": 0.10651656980014317,
    "V_V": 458394.177827373,
    "shape_emitter": "pointed",
    "mat_emitter": "steel_304",
    "mat_collector": "steel_304",
    "T_collector_m": 0.0001,
    "simulated_thrust_N": 0.0019148621940985322,
    "required_thrust_N": 0,
    "power_draw_W": 0.019148621940985322,
    "flight_time_s": 1800,
    "thrust_to_weight_ratio": 0.0028784632048471973,
    "payload_weight_kg": 0.1,
    "thruster_weight_kg": 0.010881396263669857,
    "battery_weight_kg": 0,
    "generator_weight_kg": 0.057,
    "system_weight_kg": 0.06788139626366986,
    "battery_model": "N/A",
    "n_batteries": 0,
    "n_series": 0,
    "n_parallel": 0,
    "battery_voltage_nominal_V": 0,
    "battery_temp_profile_K": null,
    "battery_max_temp_K": null
}