{
    "r_e_m": 0.0019,
    "r_c_m": 0.019200000000000002,
    "d_m": 0.011826957230721163,
    "l_m": 0.10311907336777677,
    "V_V": 27214.763960471162,
    "shape_emitter": "pointed",
    "mat_emitter": "copper",
    "mat_collector": "aluminum",
    "T_collector_m": 0.0001,
    "simulated_thrust_N": 2.2566647545584333e-15,
    "required_thrust_N": 0,
    "power_draw_W": 2.2566647545584333e-14,
    "flight_time_s": 1800,
    "thrust_to_weight_ratio": 3.752421469579903e-15,
    "payload_weight_kg": 0.1,
    "thruster_weight_kg": 0.0043662179467894675,
    "battery_weight_kg": 0,
    "generator_weight_kg": 0.057,
    "system_weight_kg": 0.06136621794678947,
    "battery_model": "N/A",
    "n_batteries": 0,
    "n_series": 0,
    "n_parallel": 0,
    "battery_voltage_nominal_V": 0,
    "battery_temp_profile_K": null,
    "battery_max_temp_K": null
}