{
    "r_e_m": 0.0019,
    "r_c_m": 0.019200000000000002,
    "d_m": 0.04706437702858716,
    "l_m": 0.07994826095962702,
    "V_V": 483261.94262342,
    "shape_emitter": "pointed",
    "mat_emitter": "aluminum",
    "mat_collector": "aluminum",
    "T_collector_m": 0.0001,
    "simulated_thrust_N": 4.266299400937691e-18,
    "required_thrust_N": 0,
    "power_draw_W": 4.2662994009376914e-17,
    "flight_time_s": 1800,
    "thrust_to_weight_ratio": 7.267298622985664e-18,
    "payload_weight_kg": 0.1,
    "thruster_weight_kg": 0.00290350694935647,
    "battery_weight_kg": 0,
    "generator_weight_kg": 0.057,
    "system_weight_kg": 0.05990350694935647,
    "battery_model": "N/A",
    "n_batteries": 0,
    "n_series": 0,
    "n_parallel": 0,
    "battery_voltage_nominal_V": 0,
    "battery_temp_profile_K": null,
    "battery_max_temp_K": null
}