{
    "r_e_m": 0.0019025595825736012,
    "r_c_m": 0.019199898324648842,
    "d_m": 0.02512494939279659,
    "l_m": 0.07347652862522444,
    "V_V": 236386.08199819602,
    "shape_emitter": "pointed",
    "mat_emitter": "aluminum",
    "mat_collector": "copper",
    "T_collector_m": 0.0001,
    "simulated_thrust_N": 0.0005669043748639524,
    "required_thrust_N": 0,
    "power_draw_W": 0.005669043748639524,
    "flight_time_s": 1800,
    "thrust_to_weight_ratio": 0.000886842785547355,
    "payload_weight_kg": 0.1,
    "thruster_weight_kg": 0.008228455519876707,
    "battery_weight_kg": 0,
    "generator_weight_kg": 0.057,
    "system_weight_kg": 0.06522845551987672,
    "battery_model": "N/A",
    "n_batteries": 0,
    "n_series": 0,
    "n_parallel": 0,
    "battery_voltage_nominal_V": 0,
    "battery_temp_profile_K": null,
    "battery_max_temp_K": null
}