{
    "r_e_m": 0.001899913188142823,
    "r_c_m": 0.019200037132058638,
    "d_m": 0.03131641582821157,
    "l_m": 0.11036071349891782,
    "V_V": 117904.03587114226,
    "shape_emitter": "pointed",
    "mat_emitter": "aluminum",
    "mat_collector": "nickel",
    "T_collector_m": 0.0001,
    "simulated_thrust_N": 0.0006397193064913154,
    "required_thrust_N": 0,
    "power_draw_W": 0.006397193064913154,
    "flight_time_s": 1800,
    "thrust_to_weight_ratio": 0.0009442020111597296,
    "payload_weight_kg": 0.1,
    "thruster_weight_kg": 0.0121350785983159,
    "battery_weight_kg": 0,
    "generator_weight_kg": 0.057,
    "system_weight_kg": 0.0691350785983159,
    "battery_model": "N/A",
    "n_batteries": 0,
    "n_series": 0,
    "n_parallel": 0,
    "battery_voltage_nominal_V": 0,
    "battery_temp_profile_K": null,
    "battery_max_temp_K": null
}