{
    "r_e_m": 0.00189999999305749,
    "r_c_m": 0.01920000001282493,
    "d_m": 0.03340263676250589,
    "l_m": 0.10320587479391354,
    "V_V": 196774.9742761941,
    "shape_emitter": "pointed",
    "mat_emitter": "copper",
    "mat_collector": "nickel",
    "T_collector_m": 0.0001,
    "simulated_thrust_N": 0.0010088171111419797,
    "required_thrust_N": 0,
    "power_draw_W": 0.010088171111419797,
    "flight_time_s": 1800,
    "thrust_to_weight_ratio": 0.0014902036408849474,
    "payload_weight_kg": 0.1,
    "thruster_weight_kg": 0.012078157320813838,
    "battery_weight_kg": 0,
    "generator_weight_kg": 0.057,
    "system_weight_kg": 0.06907815732081383,
    "battery_model": "N/A",
    "n_batteries": 0,
    "n_series": 0,
    "n_parallel": 0,
    "battery_voltage_nominal_V": 0,
    "battery_temp_profile_K": null,
    "battery_max_temp_K": null
}