{
    "r_e_m": 0.0019,
    "r_c_m": 0.019200000000000002,
    "d_m": 0.022292240732559764,
    "l_m": 0.010752108451379508,
    "V_V": 202379.34992052361,
    "shape_emitter": "pointed",
    "mat_emitter": "steel_304",
    "mat_collector": "nickel",
    "T_collector_m": 0.0001,
    "simulated_thrust_N": 6.119780473675701e-19,
    "required_thrust_N": 0,
    "power_draw_W": 6.119780473675701e-18,
    "flight_time_s": 1800,
    "thrust_to_weight_ratio": 1.0577548876508935e-18,
    "payload_weight_kg": 0.1,
    "thruster_weight_kg": 0.0020370607182798304,
    "battery_weight_kg": 0,
    "generator_weight_kg": 0.057,
    "system_weight_kg": 0.059037060718279834,
    "battery_model": "N/A",
    "n_batteries": 0,
    "n_series": 0,
    "n_parallel": 0,
    "battery_voltage_nominal_V": 0,
    "battery_temp_profile_K": null,
    "battery_max_temp_K": null
}